city,year,avg_temp,max_temp,avg_wet_bulb,max_wet_bulb,extreme_heat_days,critical_heat_days,hot_days_38,heavy_rain_days,extreme_rain_days,flood_proxy_days,flood_week_events,total_rainfall,max_daily_rain,drought_days,avg_water_balance,avg_humidity,avg_wind,heat_risk,flood_risk,water_risk,composite_risk
Faisalabad,1984,26.138961748633882,41.61,15.296879982269967,26.604832760044417,0,0,46,0,0,0,0,299.6,32.63,364,-77.97435655545337,31.621639344262295,2.5401912568306013,58.71526358858065,1.9205317932984423,85.72374294048501,39.90975411867974
Faisalabad,1985,26.07613698630137,40.97,15.77657893897722,27.330973472946287,0,0,33,1,0,0,0,468.15,52.35,365,-76.44601086487518,35.12145205479452,2.4816986301369863,61.573046254324524,3.0226584956934994,85.10669150005366,41.108783074372845
Faisalabad,1986,25.274712328767123,42.67,15.51061477718222,26.855380976848007,0,0,17,0,0,0,0,453.84,34.97,365,-73.38354320241947,36.68295890410959,2.4764109589041094,59.82762227983886,2.929087252078707,82.47874301847915,39.88606170200686
Faisalabad,1987,26.993890410958905,40.91,15.342425066422837,25.801695587540745,0,0,50,0,0,0,0,228.32,19.1,365,-81.10331523827655,28.24005479452055,2.477835616438356,57.063538177442084,1.4544410703870227,89.10319278767744,40.049358131826146
Faisalabad,1988,27.152650273224047,41.99,15.957998423182707,27.668344842844288,0,0,48,0,0,0,0,328.0,40.67,366,-81.45017869311673,31.543032786885245,2.6378961748633882,62.79221394354764,2.1062357289141027,90.09528585732565,42.30929172540705
Faisalabad,1989,26.022904109589042,40.28,14.993769462597275,26.803145047344525,0,0,25,0,0,0,0,323.25,31.25,365,-76.8344514550286,31.35978082191781,2.393041095890411,58.35858977607994,2.0751760917952864,85.44001807573969,39.801410693066785
Faisalabad,1990,26.41794520547945,41.7,16.597811668350726,26.95225527934876,0,0,37,0,0,0,0,461.15,33.62,363,-78.02073776320948,37.45832876712329,2.5301917808219176,62.88909005162286,2.9768863988868226,85.06909889164656,41.47360061789757
Faisalabad,1991,26.845726027397262,41.47,15.136346182547193,26.830806994339202,0,0,56,0,0,0,0,187.73,44.98,365,-80.80627022245996,28.146301369863014,2.4739999999999998,58.79305928433601,1.18902829761802,88.8482940967151,40.385054043407685
Faisalabad,1992,25.311666666666667,40.28,16.040764007880366,26.4681177359434,0,0,27,0,0,0,0,499.25,46.97,366,-72.8154388827185,39.51319672131147,2.3644535519125682,60.36234742531961,3.226017382934593,82.68568880207668,40.231834250435625
Faisalabad,1993,26.83449315068493,41.37,15.128751159001759,27.19305907552803,0,0,34,0,0,0,0,232.91,22.1,365,-80.46477872371781,27.884,2.5431780821917807,59.57198027797219,1.484454488150258,88.55525522594041,40.67841240954438
Faisalabad,1994,26.388739726027396,41.95,15.818956968432426,27.19700307131623,0,0,34,0,0,0,0,320.55,23.1,365,-78.0251711814817,32.5392602739726,2.6152054794520545,61.38862976810131,2.057521140169854,86.46179216187129,40.957921483974644
Faisalabad,1995,25.768493150684932,41.42,15.897245928297318,27.138647030714292,0,0,37,0,0,0,0,422.88,24.16,364,-75.2973638502112,36.30610958904109,2.542821917808219,61.46501986901698,2.726643806773747,83.42657618141268,40.52313971910645
Faisalabad,1996,25.956174863387975,39.71,15.529665473597355,26.846051552354737,0,0,12,0,0,0,0,366.83,37.7,366,-75.9481352736153,32.80286885245902,2.5664754098360656,59.856951763531484,2.3601400887717126,85.37390158702075,40.362623965761905
Faisalabad,1997,26.30890410958904,41.88,15.68487464925082,26.999465557479372,0,0,44,0,0,0,0,160.98,8.75,365,-78.72634757923741,32.90805479452055,2.5180000000000002,60.60181182323926,1.0141134991067902,87.06348192741169,40.40276510342275
Faisalabad,1998,27.412082191780822,42.05,15.617733675319023,27.719164565851163,0,0,48,0,0,0,0,159.57,11.68,365,-83.48776763966546,28.210931506849313,2.439205479452055,62.012975468985196,1.004893691035731,91.14932641528677,41.84342640548333
Faisalabad,1999,27.947808219178086,41.2,15.437407869092368,26.410439352056503,0,0,55,0,0,0,0,169.56,22.86,365,-85.54255275129012,26.524767123287674,2.5195342465753425,58.65470368090162,1.0702170120498316,92.91256769951502,41.30615068457166
Faisalabad,2000,27.345737704918037,40.99,15.256386558378836,26.69509434019604,0,0,51,0,0,0,0,199.88,25.87,365,-83.33631305525618,27.561475409836067,2.6827322404371583,58.808232717855816,1.2684755799324665,91.0193610118948,40.968124079300054
Faisalabad,2001,26.797013698630135,40.12,16.059366507559872,27.51629884022366,0,0,22,0,0,0,0,370.2,34.59,365,-79.6479138498562,31.809342465753424,2.4096986301369863,62.72245915571034,2.382176083948641,87.8542914798629,41.85228985445571
Faisalabad,2002,27.67241095890411,42.01,15.688634770154405,25.959648813089338,0,0,74,0,0,0,0,191.32999999999998,15.72,365,-84.35160549705162,28.501835616438356,2.4413698630136986,58.31872219181954,1.2125682331185967,91.89059836844893,41.01392195456146
Faisalabad,2003,26.40890410958904,40.83,15.994269029543286,27.882358681673946,0,0,30,0,0,0,0,326.81,29.02,364,-78.31211865775884,34.61980821917808,2.38986301369863,63.35915257788227,2.098454472456968,86.01358156140137,41.45544567632066
Faisalabad,2004,27.45789617486339,40.74,16.22188129313155,27.32729277567623,0,0,31,0,0,0,0,307.88,24.31,366,-82.68741472635125,31.829016393442622,2.3407650273224045,62.73137243532213,1.9746736449497686,91.15697626952114,42.49725893820432
Faisalabad,2005,25.75539726027397,42.44,15.997149397038305,27.979671095695696,0,0,20,1,0,0,0,419.59000000000003,62.84,364,-75.51531210183101,37.03509589041096,2.310027397260274,63.58128479352421,2.7051309212746095,83.613600777273,41.19509454694909
Faisalabad,2006,26.37457534246575,40.68,17.138970653953372,27.685283901785635,0,0,22,0,0,0,0,450.55,26.67,364,-77.69485845321137,40.77945205479452,2.4613424657534244,65.92305234008502,2.9075743665795692,85.48390151378376,42.45629954543225
Faisalabad,2007,26.072164383561645,42.97,16.978440859483793,28.014280802038204,0,0,13,1,0,0,0,571.27,66.85,364,-76.3083152078283,41.03230136986301,2.1758630136986303,66.22803768576634,3.696946870365575,84.29408838987308,42.605559494862675
Faisalabad,2008,26.17325136612022,40.19,16.747280005295053,27.06657199762086,0,0,15,0,0,0,0,482.94,47.79,365,-76.79234645097122,37.88912568306011,2.312049180327869,63.532697432184875,3.1193683973750357,85.40388715333494,41.81449679680796
Faisalabad,2009,26.783424657534248,41.72,16.182652035764978,27.413825685024793,0,0,42,0,0,0,0,274.84,13.37,365,-79.9802969089249,33.500191780821915,2.3844109589041094,62.81943074013341,1.7586293480222532,88.13951426477233,41.67209099484312
Faisalabad,2010,26.714493150684934,42.31,16.588148686655874,28.028955452544377,0,0,27,0,0,0,0,419.9,48.88,365,-79.19021338292322,35.592602739726026,2.335972602739726,65.23805053279766,2.7071579712760476,87.46153198664821,42.655019243575566
Faisalabad,2011,25.837068493150685,40.08,16.856083428680382,27.8251295400816,0,0,23,1,0,0,0,562.11,50.15,365,-75.06588461552882,40.36145205479452,2.2206027397260275,65.49042521762392,3.6370508122585523,83.92238489469261,42.26439665447668
Faisalabad,2012,25.713934426229507,42.12,15.65057725138449,27.40317341930081,0,0,32,1,0,0,0,351.24,56.77,366,-75.84465336540458,34.888224043715844,2.3030601092896172,61.4022032621275,2.2581990903122704,85.28510224168016,40.75812612969881
Faisalabad,2013,26.17054794520548,41.33,16.550713506010336,27.3018400919319,0,0,25,0,0,0,0,362.96,25.62,365,-77.33574538668735,37.28890410958904,2.362027397260274,63.53660188797364,2.3348346581085924,85.87018576132067,41.57920260287112
Faisalabad,2014,25.572520547945203,41.63,16.282825762189976,27.876406470203424,0,0,31,1,0,0,0,466.95,62.31,365,-74.43474743865724,38.31624657534247,2.253123287671233,64.10188406768057,3.0148118505266406,83.38079681330373,41.43242975636709
Faisalabad,2015,25.980630136986303,40.53,16.662512242529715,26.681198394347827,0,0,12,0,0,0,0,400.44,36.49,365,-76.16610854461692,39.301808219178085,2.1668219178082193,62.4608515589308,2.5799115421534857,84.86650320793564,41.115841463632215
Faisalabad,2016,27.237732240437158,41.05,16.71826612985217,27.347607985008107,0,0,37,0,0,0,0,378.7,37.7,366,-81.19142973589844,33.40622950819672,2.1804098360655737,64.0764203713903,2.4377564872138917,89.87324957672521,42.788228924844645
Faisalabad,2017,26.637424657534247,40.52,16.5425438954288,27.06517756955604,0,0,16,0,0,0,0,371.68,24.8,365,-79.23456610097683,35.525999999999996,2.2013972602739726,62.993328650506086,2.391853612987767,87.49959170544676,41.84923064735801
Faisalabad,2018,26.5261095890411,40.07,16.415531255182167,27.396834253101087,0,0,12,0,0,0,0,338.2,29.1,365,-78.43321381192348,34.42983561643835,2.524301369863014,63.391975345838354,2.1729322128324036,86.81193953623648,41.69839698358521
Faisalabad,2019,25.76158904109589,40.95,16.984534706185542,27.485976675119236,0,0,27,0,0,0,0,419.89,26.94,365,-75.80163309183372,43.10797260273973,2.4679726027397257,65.07901683391715,2.707092582566324,84.55374146861828,41.88033207948456
Faisalabad,2020,24.161475409836065,39.93,17.63828369565653,28.27114870070405,0,0,5,3,1,0,0,1075.05,102.38,359,-66.78112333856788,54.272677595628416,2.410218579234973,68.52288521917379,11.276813574546678,72.64644289267807,43.79304239746766
Faisalabad,2021,25.89580821917808,40.98,17.40405501207192,27.76677877447091,0,0,22,0,0,0,0,474.15,31.32,364,-75.65831076716152,43.79613698630137,2.3444109589041098,66.79713221901476,3.061891721527794,83.73631003230598,42.351068448468425
Faisalabad,2022,25.95682191780822,40.1,17.81410678933902,28.197904793904417,0,0,14,0,0,0,0,667.0,37.73,363,-74.98817528192306,47.91380821917809,2.3927397260273975,68.82193029945788,4.322912988551745,82.46681248526994,43.20859305600314
Faisalabad,2023,25.264301369863013,40.02,17.959956360273402,28.3077193481946,0,0,5,1,0,0,0,707.0,55.67,365,-71.68071782788167,49.17947945205479,2.3593698630136983,69.44613064973764,4.584467827447042,81.01752355410287,43.151230605798176
Hyderabad,1984,26.775245901639344,36.8,17.943078904912756,26.813616106260092,0,0,0,0,0,0,0,64.91,14.91,366,-79.0635635648547,40.17363387978142,4.917295081967213,66.10721787881594,0.3859241647900107,88.04729636202119,42.01765532830558
Hyderabad,1985,26.938301369863012,35.71,18.616802499524095,26.82558634960937,0,0,0,0,0,0,0,122.78,27.54,365,-79.03927140325838,43.7952602739726,5.0186027397260276,67.89839218317928,0.7643286279617816,87.33200645691642,42.5464671517657
Hyderabad,1986,26.652301369863014,37.78,17.7027985467797,27.376237016593894,0,0,0,0,0,0,0,108.14999999999999,37.22,365,-78.44267863127868,39.741013698630134,4.800684931506849,66.71847453716364,0.6686649456358267,86.82006143674101,42.02145694587047
Hyderabad,1987,27.34317808219178,36.42,18.386081376663622,27.11911272809572,0,0,0,0,0,0,0,9.01,7.0,365,-81.2925023014129,40.461205479452055,5.101178082191781,67.94129820033206,0.02040127743383316,89.26553698526615,42.70795428126138
Hyderabad,1988,28.04622950819672,37.19,19.229971144731625,27.57507053676726,0,0,0,0,0,0,0,97.45,26.98,366,-84.11983171980171,42.135245901639344,4.882185792349727,71.15726621148625,0.5986990262313349,92.38615433042551,44.71313300785636
Hyderabad,1989,27.152356164383562,36.33,18.35161734845848,26.93728733680144,0,0,0,0,0,0,0,82.21000000000001,46.13,365,-80.30460375839986,41.58816438356165,4.877068493150685,67.45007174558879,0.4990466326122267,88.4178067356089,42.564044192254364
Hyderabad,1990,27.513917808219176,36.52,19.254460454639535,27.267720608332137,0,0,0,0,0,0,0,82.61,37.24,365,-81.72336846635287,44.664191780821916,5.072082191780821,70.54366558425492,0.5016621810011797,89.63526956980807,43.79766504917903
Hyderabad,1991,27.287041095890412,40.49,18.25756471915531,28.349766402159435,0,0,6,0,0,0,0,5.890000000000001,3.35,365,-81.11051956742077,40.13849315068493,4.915150684931507,70.31841731470668,0.0,89.1093749283307,43.372868926494675
Hyderabad,1992,27.288852459016393,38.15,18.723486866804034,27.75835834314969,0,0,1,0,0,0,0,79.07000000000001,10.38,366,-80.90692253761112,42.831010928961746,4.42603825136612,70.23473607250905,0.4785145777589459,89.62910977113569,43.69302982452817
Hyderabad,1993,27.901972602739725,36.73,18.746525505619122,27.096199790620794,0,0,0,0,0,0,0,38.06,8.84,365,-83.53086586759247,40.36260273972603,4.972904109589041,68.8349336482093,0.21035547918154263,91.18630963768216,43.54171746951502
Hyderabad,1994,27.007342465753425,38.94,19.238414744812932,27.132841820611,0,0,1,0,0,0,0,360.8,48.82,365,-78.79172891348746,47.20709589041096,4.408027397260274,70.20420852480738,2.3207106968082467,87.11958661062911,43.88547902366321
Hyderabad,1995,27.339315068493153,37.97,18.787988189565556,27.44331943218369,0,0,0,0,0,0,0,105.33,25.96,365,-81.15200726881628,43.30569863013699,4.801561643835616,69.7089892318523,0.6502253294937083,89.14497613425459,43.49154220139151
Hyderabad,1996,27.268989071038252,36.85,18.20016395051598,27.259014075001996,0,0,0,0,0,0,0,57.339999999999996,24.29,366,-80.95258194241904,39.64587431693989,4.9283879781420765,67.76280045586816,0.3364249115290757,89.66829077703025,42.8973040412061
Hyderabad,1997,26.880438356164387,36.18,18.667940718810268,27.236675679830107,0,0,0,0,0,0,0,51.54,17.58,365,-79.30174913390579,44.02597260273973,4.9261917808219176,68.93885421557854,0.2984994598892577,87.55724245276326,42.70529163481454
Hyderabad,1998,28.316191780821917,39.51,18.899104694740007,27.830243608539103,0,0,8,0,0,0,0,35.58,7.23,365,-85.76969819953369,39.50383561643836,4.552794520547945,70.85327327172415,0.19413907917003417,93.1074845448833,44.620215703364586
Hyderabad,1999,27.93542465753425,36.35,18.970307030477983,27.06777348480904,0,0,0,0,0,0,0,51.83,17.23,365,-83.64444573285748,41.21271232876712,4.902849315068493,69.35843192161316,0.30039573247124857,91.28377418828619,43.763651203167555
Hyderabad,2000,27.554371584699453,38.04,18.8660200284626,27.328713140564115,0,0,1,0,0,0,0,27.25,11.25,366,-82.1875484556873,42.522650273224045,5.289918032786885,69.66066627417968,0.1396702839700886,90.72803368080878,43.643059930242636
Hyderabad,2001,27.56975342465753,36.35,18.886331238933906,27.23303468466899,0,0,0,0,0,0,0,94.1,29.32,365,-81.9067433750419,42.42802739726027,4.830219178082192,69.50288609905705,0.5767938084738536,89.7926262722987,43.558579611605026
Hyderabad,2002,27.42490410958904,37.09,18.66384900196244,27.592701321775362,0,0,0,0,0,0,0,29.240000000000002,20.03,365,-81.69349800132733,41.827205479452054,4.982794520547945,69.71322175401093,0.15268263720512962,89.60963728504304,43.385083034206346
Hyderabad,2003,26.95654794520548,35.9,18.495428348747406,27.51482567892405,0,0,0,0,0,0,0,207.51,22.31,365,-79.13123009164524,43.351424657534245,4.504904109589041,69.10032751252801,1.3183671654517444,87.41091755807724,43.176092867731
Hyderabad,2004,27.69065573770492,38.59,18.75115403968652,26.84119420889665,0,0,3,0,0,0,0,58.14,18.69,366,-82.77280200327347,41.308934426229506,4.567568306010929,68.28473540718582,0.3416560083069817,91.23024834598564,43.4467279123903
Hyderabad,2005,27.111068493150686,36.55,18.571610007848772,27.75765163013428,0,0,0,0,0,0,0,70.82000000000001,32.63,365,-80.41304910813909,42.60890410958904,4.423068493150685,69.83534541278442,0.42456889223679084,88.51086528302636,43.26937594609847
Hyderabad,2006,26.78446575342466,38.65,19.79948413163746,27.729266100035876,0,0,1,1,0,0,0,478.2,86.19,364,-77.61667068578913,51.58646575342466,4.389643835616439,72.98909352841859,3.088374148965943,85.416807442165,44.6406982861015
Hyderabad,2007,27.16043835616438,38.92,19.268903019476802,28.61223470529986,0,0,2,0,0,0,0,242.22,28.92,365,-80.04054600574305,46.635643835616435,4.326739726027397,73.54633565249198,1.5453313769031383,88.191214899669,44.80710354027126
Hyderabad,2008,26.75743169398907,36.42,18.64754920971316,27.187592355430883,0,0,0,1,0,0,0,151.37,54.25,366,-78.80540053870287,44.860956284153005,4.6447540983606554,68.77720440283736,0.9512749490621952,87.8257628774748,43.01767576729789
Hyderabad,2009,27.30109589041096,37.36,19.03358114745045,27.857975048302787,0,0,0,1,0,0,0,243.52,86.43,364,-80.53451926408557,44.99150684931507,4.306328767123287,71.26667786023872,1.5538319091672355,87.92065616350945,44.059391758074234
Hyderabad,2010,27.396438356164385,37.61,19.089970539381397,27.40987138312072,0,0,0,1,0,0,0,250.65,50.24,365,-81.06287633286598,43.81709589041096,4.3063013698630135,70.426256208658,1.6004540592003222,89.06849156899258,44.11520408148569
Hyderabad,2011,26.689123287671233,37.0,19.329914413317628,27.394102712057315,0,0,0,3,0,0,0,394.89,66.4,365,-77.60080461778716,49.33498630136987,4.3044383561643835,71.02000260624101,2.543620808256763,86.09763698062187,43.97503939074332
Hyderabad,2012,26.69819672131148,37.11,18.289236620392888,26.83868302080147,0,0,0,0,0,0,0,88.71,19.97,366,-78.69538062569768,42.75573770491803,4.546174863387979,67.06923310695531,0.5415492939327124,87.73135317419224,42.297305407904375
Hyderabad,2013,27.31476712328767,36.13,18.774092396244555,27.22415818514036,0,0,0,0,0,0,0,81.45,17.43,365,-81.36513076429608,42.161095890410955,4.445369863013698,69.18930932547242,0.49407709067321604,89.3278605360069,43.311092622446395
Hyderabad,2014,27.16928767123288,37.23,18.369612699045263,27.849284127005294,0,0,0,0,0,0,0,29.55,4.71,365,-80.88822691377068,40.70060273972602,4.805561643835617,69.50828792874111,0.15470968720656816,88.91862233727917,43.15176132218508
Hyderabad,2015,27.47246575342466,37.74,19.00551454220999,27.699560156830334,0,0,0,0,0,0,0,113.8,46.33,365,-81.82314622294051,43.21221917808219,4.412465753424657,70.84383244292627,0.7056095666297875,89.72089032823565,44.0008966199202
Hyderabad,2016,27.925628415300547,37.15,19.755310220828857,27.71723664550279,0,0,0,0,0,0,0,94.82,19.04,366,-83.35028268401186,45.38177595628415,4.622595628415301,72.84685603372776,0.581501795573969,91.72579299995536,45.04718086811545
Hyderabad,2017,27.45164383561644,37.34,18.908151603540297,27.73070765743974,0,0,0,0,0,0,0,122.97,14.36,365,-81.67404791967822,42.65191780821918,4.543616438356165,70.65748063075233,0.7655710134465343,89.59294688430414,43.93998786635267
Hyderabad,2018,28.05827397260274,37.19,19.024079759907018,27.469747990977677,0,0,0,0,0,0,0,59.669999999999995,28.58,365,-84.2186346340439,41.14049315068493,4.504027397260274,70.38569545264158,0.3516604808947268,91.77649411787388,44.21807938166357
Hyderabad,2019,26.81695890410959,36.82,19.44155623722955,27.864508435721536,0,0,0,1,1,0,0,285.62,104.4,364,-78.61006041891793,49.26706849315068,4.3912876712328766,72.3497509889816,6.114832662818822,86.26924976271317,46.02391243564124
Hyderabad,2020,26.401939890710384,35.08,19.250082870406644,28.069266059494897,0,0,0,2,1,1,7,817.98,454.21,364,-75.29634682483669,49.726174863387975,4.309016393442623,72.29971681070583,17.762532680342993,83.4257034570011,50.53948061361637
Hyderabad,2021,27.419780821917808,35.26,19.29430155089881,28.392504902353554,0,0,0,1,0,0,0,300.36,69.36,365,-80.78306302303814,45.078054794520554,4.655972602739726,73.12833111278707,1.9255013352374526,88.82837965803225,45.01206984920104
Hyderabad,2022,26.63558904109589,37.37,20.40366318442847,28.41087649035713,0,0,0,5,0,0,1,790.4399999999999,76.14,364,-76.0088762121312,57.01419178082192,4.6677260273972605,76.07474879813982,5.701499792811202,84.03713538961335,46.397383393610326
Hyderabad,2023,27.19909589041096,35.83,19.665572119497504,27.907733679501977,0,0,0,0,0,0,0,240.46,47.95,365,-80.05095031732525,48.18854794520548,4.750356164383562,73.03186467638753,1.5338229639917453,88.20014299225247,44.64981548477566
Islamabad,1984,22.323224043715847,38.57,14.470890457344126,26.259379169360198,0,0,3,4,1,0,0,935.55,111.08,360,-59.84821990939791,43.984071038251365,2.631502732240437,55.789861193737224,10.36464107389933,67.3916610765649,38.24896211051709
Islamabad,1985,23.274273972602742,37.85,14.375839077050273,26.40385321031333,0,0,0,0,0,0,0,715.58,47.84,360,-63.733687912119414,39.49805479452055,2.538054794520548,55.859464988781156,4.640571340390083,70.72583823805387,36.52755615932335
Islamabad,1986,21.76312328767123,40.48,14.690348695749673,25.787595838826626,0,0,6,3,0,0,0,1006.88,61.39,358,-57.131415464098644,48.75720547945206,2.535178082191781,55.32437161648497,6.5453444546450825,63.6714423897202,35.46057708696583
Islamabad,1987,23.59194520547945,38.27,14.40342294500323,25.860162308256786,0,0,3,0,0,0,0,548.41,40.65,363,-65.43356445934577,37.60761643835617,2.5783835616438355,54.73280599282254,3.5474682799369126,74.26786060373622,36.58316767475243
Islamabad,1988,23.484016393442623,37.71,14.885563534160548,26.81708821769958,0,0,0,1,0,0,0,875.0,60.75,364,-63.78707501255705,41.360573770491804,2.6231967213114755,58.10589749081156,5.682998150807289,73.54942827084767,38.37647548281866
Islamabad,1989,22.46841095890411,38.08,13.843868142144208,26.02348386593784,0,0,1,2,0,0,0,705.92,75.51,363,-60.61920843041649,40.24764383561644,2.5598630136986302,53.62723249216645,4.577405846796869,70.13659098378581,35.68215012465498
Islamabad,1990,22.81249315068493,39.25,15.283101871613988,26.24412371541255,0,0,3,1,0,0,0,938.23,67.18,357,-61.39654454144525,47.06558904109589,2.568794520547945,57.88375956860898,6.09645096239103,66.63696785122556,36.76777276646504
Islamabad,1991,23.10241095890411,38.01,14.088488572336685,25.180868422592525,0,0,2,0,0,0,0,514.07,44.9,365,-63.86484414520802,38.873260273972605,2.6354246575342466,52.40991790693446,3.3229234507453005,74.3106075502649,35.795942812481954
Islamabad,1992,21.820628415300547,36.47,14.814176404736434,25.291752198631446,0,0,0,3,0,0,0,979.01,92.6,361,-56.92552255078712,49.75341530054645,2.589207650273224,54.55532734805874,6.363106120644785,65.57809599006,35.62451995622278
Islamabad,1993,23.151671232876716,38.12,14.143009297830865,26.14547868414039,0,0,2,0,0,0,0,650.11,41.72,361,-63.43579800515861,37.758876712328764,2.706246575342466,54.67983004990101,4.212471457828205,71.16465897803567,36.09072591550191
Islamabad,1994,22.479232876712327,39.21,14.888690443359215,26.414064606287543,0,0,8,2,0,0,0,946.25,55.36,362,-59.861177862524166,46.20890410958904,2.6065205479452054,57.22536570556348,6.148892707589537,68.79166937535318,37.13252877392263
Islamabad,1995,21.42731506849315,38.74,14.90997129824497,26.804052958249503,0,0,5,2,0,0,3,1345.55,80.21,359,-54.67818600190865,52.17742465753424,2.488082191780822,58.14108761360444,10.474149601147552,62.26073460050925,37.72087725472504
Islamabad,1996,22.125,36.38,14.78081880536628,26.179769222237258,0,0,0,1,0,0,0,938.96,56.91,361,-58.339094570004576,46.7866393442623,2.637978142076503,56.42614889407419,6.101224338200869,66.79110290178686,36.371171345859366
Islamabad,1997,23.058739726027397,38.75,14.157226524558293,26.31095951155565,0,0,6,1,0,0,0,343.67,51.99,362,-64.41601926074004,38.594630136986304,2.532684931506849,55.081979217861196,2.2086998370513355,72.70024567903106,35.69357011178922
Islamabad,1998,23.941972602739725,37.75,14.065395274460911,26.35130011849193,0,0,0,0,0,0,0,441.65,29.39,363,-67.30414847981734,33.46043835616438,2.726,54.930389394629785,2.8493784149253654,75.87303622616679,36.729596161647045
Islamabad,1999,24.80191780821918,38.42,14.003562953589434,25.932015076839715,0,0,4,0,0,0,0,332.85,21.7,364,-71.18496656642766,30.94082191780822,2.7233150684931506,53.843842137181475,2.137949253130158,79.89766767078889,37.089646722760236
Islamabad,2000,24.49879781420765,38.24,13.71558869115085,24.785573950309587,0,0,2,0,0,0,0,278.62,25.96,363,-70.5954861045054,30.67661202185792,2.7334426229508195,50.56145046798591,1.7833462802978588,78.69738138389239,35.645286312502904
Islamabad,2001,24.112849315068495,36.34,14.434093965885104,26.34685181880573,0,0,0,0,0,0,0,422.01,21.43,365,-67.49675330586646,33.25,2.6743561643835614,55.88636423818865,2.7209549890277747,77.42720214519869,37.34713955281876
Islamabad,2002,24.502164383561645,38.11,14.310469774631002,25.25362317878099,0,0,1,0,0,0,0,423.05,28.92,365,-69.5883296667534,33.12002739726027,2.5385479452054796,53.15181851230474,2.7277554148390526,79.22201454079553,36.97853912556788
Islamabad,2003,22.757397260273976,38.31,15.059592316193925,26.909513411870222,0,0,2,0,0,0,0,794.35,45.59,362,-61.15977713074607,45.23465753424658,2.500246575342466,58.765565650311146,5.155638206884647,69.90601648077242,37.42621100838454
Islamabad,2004,24.376120218579235,38.2,15.11642606566137,25.662101787006186,0,0,1,1,0,0,0,475.0,53.96,362,-68.93812183208907,38.86415300546448,2.5145081967213114,56.16372389915619,3.0674497618543195,76.58072831451838,37.37465164121089
Islamabad,2005,22.32268493150685,39.63,14.798748772422607,26.419790565911104,0,0,5,2,0,0,0,840.89,63.13,356,-59.77381739617275,46.0681095890411,2.4032054794520548,57.00239545917161,5.459957261939325,64.55003740939132,35.69520875797201
Islamabad,2006,22.736986301369864,37.04,15.826729189628065,27.95091848094155,0,0,0,4,0,0,0,1117.49,79.89,359,-60.29032616641425,51.46695890410959,2.388958904109589,63.071475878793834,7.268608972900302,67.07659450476356,38.96146542763418
Islamabad,2007,22.36895890410959,39.84,15.785518548325538,26.79423096475257,0,0,6,3,0,0,0,1127.96,60.79,359,-58.882289704337346,51.74797260273972,2.308657534246575,60.41287191370971,7.337070951981146,65.86833773592328,37.89262793648525
Islamabad,2008,22.521284153005467,35.28,15.736683721408086,26.52130676253933,0,0,0,1,0,0,0,1038.81,81.08,361,-59.60029206366778,49.830245901639344,2.370464480874317,59.68311660273086,6.754130604793253,67.87335499511349,37.912632501754594
Islamabad,2009,23.18813698630137,39.51,14.96982548313339,26.891857643008645,0,0,3,0,0,0,0,646.94,41.84,363,-63.2985330248327,42.6078904109589,2.4766575342465753,58.49149345162222,4.191743236845754,72.43575877120834,37.54267218486934
Islamabad,2010,23.30668493150685,38.89,15.748798515173345,26.780591396717078,0,0,2,2,0,0,0,937.93,86.32,361,-62.6853907497039,45.91917808219178,2.427808219178082,60.28660887951559,6.0944893010993155,70.52072349041867,38.45868372195403
Islamabad,2011,22.641205479452058,36.84,15.675247896132896,26.5509925145089,0,0,0,1,0,0,0,823.2,51.32,362,-60.78658518213673,49.1714794520548,2.3499178082191783,59.587650337525716,5.34428463443788,69.5857749883619,37.67766693384524
Islamabad,2012,22.043715846994534,39.24,14.548023028179777,26.396512608535435,0,0,5,1,0,0,0,833.8,77.1,361,-58.99986868803041,46.55680327868853,2.565136612021858,56.294303413373314,5.413596666745133,67.35812287767692,36.163940243466534
Islamabad,2013,22.19750684931507,38.9,15.54720867790783,27.188958859024854,0,0,2,2,0,0,0,990.53,63.48,363,-58.59245630040655,51.22575342465754,2.50013698630137,60.659062936533836,6.43843391424663,68.39740521281948,38.194365445576004
Islamabad,2014,22.282438356164384,38.73,15.164827299117272,26.132887516692215,0,0,1,2,0,0,0,889.54,69.94,361,-59.10490726616248,47.49589041095891,2.4166301369863015,57.32865533985155,5.778073334745729,67.44825802434083,36.66079410867626
Islamabad,2015,22.325424657534246,37.25,15.815271896180883,26.358930735130002,0,0,0,1,0,0,0,1127.14,51.6,360,-58.46430766944104,52.1133698630137,2.3553150684931508,59.5309120908773,7.331709077783794,66.20410565705372,37.709569126529324
Islamabad,2016,23.709344262295083,37.39,16.104269175465937,26.627597770321042,0,0,0,2,0,0,0,929.1899999999999,68.86,364,-64.19279972644912,45.75112021857923,2.3337978142076503,60.88037080328678,6.037339568800693,73.89758660697683,39.45531069869055
Islamabad,2017,23.10561643835616,39.03,15.696773607123752,26.411867453294466,0,0,2,0,0,0,0,913.51,46.51,359,-62.43361161979048,47.273972602739725,2.263123287671233,59.3372457284804,5.934810071953736,68.91577923210997,37.70078305895079
Islamabad,2018,22.807945205479452,37.18,15.704913027544963,26.531274103996033,0,0,0,1,0,0,0,899.26,52.28,362,-60.88052926792463,47.866904109589036,2.475150684931507,59.62187454858533,5.841631160597287,69.66638978819337,37.93189383389272
Islamabad,2019,21.83490410958904,37.99,15.885882518470018,26.397250047022826,0,0,0,0,0,0,0,1027.01,43.39,358,-57.59033143356523,56.72619178082192,2.3856438356164382,59.80037170878601,6.676971927319142,64.06524492351184,36.96106011080738
Islamabad,2020,20.39054644808743,32.03,16.249737828012577,27.322963647618064,0,0,0,16,7,6,35,3829.18,450.57,344,-43.50119400884924,66.72131147540983,2.3472677595628415,62.79479462297212,100.0,42.25292694096825,74.40167012213371
Islamabad,2021,21.727205479452056,35.7,16.40312771862105,27.318255225972617,0,0,0,5,2,1,7,1920.54,414.3,359,-53.813548082833435,59.408931506849314,2.4450136986301367,63.186207460478315,29.257744545367245,61.51877610266068,47.501541309223924
Islamabad,2022,22.030465753424657,36.26,16.61331721598421,26.86390867491992,0,0,0,4,1,0,1,1678.04,100.03,357,-55.82551938841756,60.980082191780824,2.462,62.734889474542754,15.79111595361213,61.856389342202924,41.39056635703901
Islamabad,2023,21.531041095890412,36.17,16.822536960654208,27.07523313364437,0,0,0,1,0,0,0,1387.46,84.69,360,-54.197789958938216,63.31224657534247,2.250931506849315,63.748927479057286,9.033907969314386,62.542944144596824,38.825672866057864
Karachi,1984,25.53188524590164,31.93,20.38539363427808,27.135561105292407,0,0,0,0,0,0,0,67.53999999999999,9.07,366,-72.46994135757589,62.204426229508194,4.6000273224043715,73.21464685719516,0.40312139544737646,82.38921230120869,42.74310176041204
Karachi,1985,25.551616438356163,32.12,20.755266094013177,26.816276696753384,0,0,0,0,0,0,0,150.94,33.47,365,-72.13686163877297,64.92128767123288,4.680383561643835,73.47943936211117,0.9484632345440707,81.4089472579046,42.82287707865433
Karachi,1986,25.398904109589044,33.35,20.138480442112108,27.657962875232474,0,0,0,0,0,0,0,76.72,19.74,365,-71.92678204975113,61.45460273972603,4.489835616438356,73.71984046704415,0.4631482309738471,81.22867487699166,42.63153756329939
Karachi,1987,25.91723287671233,32.68,20.805762889202565,27.331785004143715,0,0,0,0,0,0,0,7.71,2.2,365,-74.16892118306708,63.03334246575342,4.783397260273973,74.7484794396407,0.011900745169736009,83.15268739902157,43.21807101697399
Karachi,1988,26.603224043715848,33.49,21.505920203007317,27.78318223405712,0,0,0,0,0,0,0,147.25,36.86,366,-76.73049690805571,63.51065573770492,4.7087431693989075,77.57789226291766,0.9243348006559796,86.04525759657977,45.200632738315434
Karachi,1989,25.898876712328768,33.43,20.715385167773945,27.034520839420153,0,0,0,0,0,0,0,89.87,26.72,365,-73.8911758039759,62.50745205479453,4.660219178082192,73.8562320577764,0.5491343842606761,82.91435000979939,43.13256759270007
Karachi,1990,26.076657534246575,30.87,21.24187605989397,27.43355590350939,0,0,0,0,0,0,0,78.8,17.99,365,-74.61185641859717,65.04846575342465,4.879369863013698,76.1152703943564,0.4767490825964026,83.53277663030305,43.93231236305106
Karachi,1991,25.753123287671233,33.88,20.64642150397618,28.707320847322276,0,0,0,0,0,0,0,6.36,1.83,365,-73.43121693174679,62.92449315068493,4.621150684931507,77.36434016563223,0.003073269357019738,82.51965254582947,43.8405981573577
Karachi,1992,25.90286885245902,33.12,20.986801749622902,27.967800917287466,0,0,0,0,0,0,0,85.3,16.82,366,-73.96541456066505,64.26472677595628,4.537595628415301,76.62520243093445,0.5192517439168883,83.6724998217509,44.139348969480665
Karachi,1993,26.437972602739727,32.59,21.105929569197734,27.519997506476106,0,0,0,0,0,0,0,43.33,5.85,365,-76.19920290304624,62.09323287671233,4.788931506849315,75.94978240403405,0.24481532920599797,84.89490196298186,44.11882711009838
Karachi,1994,26.124109589041094,33.24,21.35694468519401,27.439714999646174,0,0,0,0,0,0,0,384.0,33.68,365,-74.00997740728575,65.41583561643836,4.424602739726027,76.43026736409976,2.4724125033675186,83.01629541051472,44.795739688373985
Karachi,1995,26.033013698630135,32.91,21.093116748843354,27.44443278524064,0,0,0,1,0,0,0,198.72,95.67,364,-74.1808260028892,64.28898630136986,4.60131506849315,75.74958938387513,1.2608904896045028,82.46845865532019,43.90939219931461
Karachi,1996,25.7372131147541,33.34,20.50969950325842,27.432390374230646,0,0,0,0,0,0,0,106.14,25.14,366,-73.1618699853668,62.11568306010929,4.771448087431693,74.19480796759935,0.655521814981338,82.98296641951438,43.2991688119
Karachi,1997,25.692602739726027,32.02,20.780809167174027,27.2393752315238,0,0,0,1,0,0,0,157.64000000000001,61.11,364,-72.88081480050616,64.13205479452056,4.735068493150685,74.47933840388603,0.9922736700590329,81.35289994845931,43.128549659807206
Karachi,1998,26.700657534246574,33.65,21.430140317973727,28.42748797961605,0,0,0,0,0,0,0,43.910000000000004,7.18,365,-77.52216651359828,62.494328767123285,4.539561643835617,78.8001742811525,0.2486078743699798,86.03015646840925,45.25946494491455
Karachi,1999,26.458219178082192,32.57,21.21616359919273,27.27379640574417,0,0,0,0,0,0,0,13.47,2.2,365,-76.40664474823357,62.431178082191785,4.661397260273973,75.69562647455243,0.04956464197065878,85.07291085716815,43.999219745544565
Karachi,2000,26.094016393442622,34.51,21.196713098393847,27.70321331363004,0,0,0,0,0,0,0,10.07,2.91,366,-74.88927321753361,64.56680327868852,5.0131147540983605,76.5916004488588,0.027332480664558532,84.4652765045128,44.10609887708489
Karachi,2001,26.260794520547947,32.59,21.43996620577566,27.285955611808244,0,0,0,0,0,0,0,83.64,33.11,365,-75.31498652671353,65.1998904109589,4.581397260273973,76.308676610108,0.5083972181027335,84.1361429033993,44.15541745702845
Karachi,2002,25.98098630136986,33.45,21.052005916656004,27.82564976311858,0,0,0,0,0,0,0,31.31,12.04,365,-74.35079498094281,64.20235616438356,4.776082191780822,76.48253794829438,0.1662181001179612,83.30875597627553,43.84674852361028
Karachi,2003,26.147260273972602,31.95,21.14102769984191,27.67428746996453,0,0,0,0,0,0,0,140.38,15.71,365,-74.79979099491086,63.910136986301374,4.492794520547945,76.38195044355359,0.8794127570757123,83.69404605055314,44.23383238638843
Karachi,2004,26.248251366120222,32.73,21.292971241658698,27.463492006798024,0,0,0,0,0,0,0,72.2,15.19,366,-75.35983371498406,64.2320218579235,4.420792349726776,76.3151243655092,0.43359253417867855,84.86907137879803,44.30692179473267
Karachi,2005,25.96682191780822,34.46,21.05844007833539,28.031885927559475,0,0,0,0,0,0,0,87.39,18.87,365,-74.26502359113806,64.35473972602739,4.288821917808219,76.95417097505582,0.5329179842491676,83.23515428690482,44.134852957155076
Karachi,2006,25.83008219178082,32.15,21.609198064999028,27.50328932213029,0,0,0,0,0,0,0,299.44,37.02,365,-72.96210306958487,68.9038904109589,4.384027397260274,77.23121999042857,1.919485573942861,82.117099050533,44.562409268036106
Karachi,2007,26.256712328767126,35.13,21.647772836033127,28.404431507755273,0,0,0,1,0,0,0,438.16,80.82,365,-74.49891944728081,66.53208219178082,4.1616986301369865,79.3194068255433,2.8265577552317507,83.43586375643895,45.926738976627014
Karachi,2008,25.646338797814206,33.31,20.871288635649687,27.20112778868291,0,0,0,0,0,0,0,142.57,25.65,366,-72.82227970775908,64.89879781420765,4.375081967213115,74.63200303172489,0.8937328845052298,82.69155901451958,43.46467046117472
Karachi,2009,26.408301369863015,32.27,21.449128486556166,27.469515995623613,0,0,0,1,0,0,0,186.06,74.16,365,-75.76677112844584,64.36279452054794,4.171342465753424,76.73745256274644,1.1781083830941417,84.5238259057952,44.682341017665095
Karachi,2010,26.32958904109589,31.8,21.49175704014483,27.601440307088293,0,0,0,1,0,0,0,237.09,59.22,365,-75.33806547201677,64.91460273972604,4.239945205479452,77.14002674930441,1.5117869688148164,84.15594728533924,44.861298982092805
Karachi,2011,26.017808219178082,31.71,21.24529930747469,27.347401608888365,0,0,0,0,0,0,0,251.97,49.66,365,-73.9338613561624,65.15871232876712,4.228739726027397,75.93425530680733,1.6090853688838669,82.95097910908065,44.242109785310106
Karachi,2012,25.684316939890707,31.91,20.654963283313364,26.682296705071817,0,0,0,0,0,0,0,110.82000000000001,32.57,366,-73.01031108946344,63.164453551912565,4.449153005464481,72.92125788415382,0.6861237311320879,82.85291150489726,42.8983609204799
Karachi,2013,26.139945205479453,32.85,21.102985537794318,27.756127085068695,0,0,0,0,0,0,0,89.06,22.82,365,-75.0079781725738,63.33583561643836,4.273698630136987,76.46276891307402,0.5438378987730462,83.87269452548395,44.15173135974106
Karachi,2014,26.11260273972603,32.1,20.76700769051274,28.24015404460904,0,0,0,0,0,0,0,25.34,8.1,365,-75.09702842672843,61.27120547945206,4.522821917808219,76.65004129861009,0.12718104041283815,83.94910985651207,44.03952132189682
Karachi,2015,26.49904109589041,34.42,21.326836570404687,28.144987315099844,0,0,0,0,0,0,0,84.45,24.18,365,-76.54508108346948,62.92082191780821,4.319671232876712,77.90662350440601,0.5136937035903633,85.19170510973709,44.90107549537174
Karachi,2016,26.522841530054645,32.21,21.94081564008726,28.310904496116716,0,0,0,0,0,0,0,105.56,14.73,366,-76.3527680244812,66.96863387978142,4.453169398907104,79.88077482037457,0.6517292698173562,85.72112289363878,45.687791340939874
Karachi,2017,26.13109589041096,32.41,21.168816728424495,27.852574572456124,0,0,0,0,0,0,0,213.84,34.67,365,-74.58791997775029,63.92523287671233,4.4555342465753425,76.84788972606837,1.359758218706925,83.51223641884252,44.54431722094926
Karachi,2018,26.556,32.66,21.66570397082795,27.724570974722926,0,0,0,0,0,0,0,27.87,4.9,365,-76.80218165458575,64.96857534246575,4.34331506849315,77.86719029940372,0.14372438397296572,85.4123268860125,44.77791478411207
Karachi,2019,25.92490410958904,34.56,21.447139353887994,27.70622121376439,0,0,0,1,0,0,0,557.81,92.07,364,-72.89172782896094,66.97997260273972,4.264931506849315,77.25420973579185,3.6089336670773076,81.36226457846297,45.14084921553808
Karachi,2020,25.871229508196723,32.74,21.31963941712236,28.53934996467648,0,0,0,6,1,0,11,855.35,112.86,362,-71.92437666102241,66.25680327868852,4.084234972677596,78.75739491814126,16.125937907628547,79.14327744426073,50.66970989494041
Karachi,2021,26.414931506849317,33.14,21.53990523431438,28.51537782892161,0,0,0,0,0,0,0,276.88,24.83,365,-75.62608605462745,64.81906849315068,4.425917808219178,79.28150606566831,1.7719686448059133,84.40310197761997,45.68261320426815
Karachi,2022,25.97928767123288,31.3,22.129627660715844,28.03116848433279,0,0,0,1,0,0,0,782.99,91.93,364,-72.29782178492782,71.51969863013699,4.491123287671233,79.7585000974739,5.081356632638382,80.85262507900023,46.4273167836795
Karachi,2023,26.397698630136986,33.83,21.609426675087988,27.944707864307727,0,0,0,0,0,0,0,160.75,29.91,365,-75.85810015655728,65.25895890410959,4.570986301369863,78.20520746280225,1.0126095587831423,84.60219668622548,45.06778571184946
Lahore,1984,25.009043715846992,40.83,15.686544363698408,27.133740178774985,0,0,33,0,0,0,0,690.98,49.93,366,-71.58420039853661,38.48021857923497,2.4955464480874316,60.9022795608264,4.479715114469475,81.6291449748131,40.69384191346246
Lahore,1985,25.450849315068492,40.34,15.984755594951153,27.32169634783261,0,0,22,1,0,0,0,629.24,53.49,364,-73.11474185549227,39.123397260273975,2.469178082191781,62.09789509517529,4.076005220634585,81.55363619017916,40.851979925382935
Lahore,1986,24.78416438356164,42.02,15.698214302998606,26.86174485246208,0,0,16,0,0,0,0,587.12,35.9,365,-70.60290883969624,39.77720547945206,2.417890410958904,60.333061130307584,3.800587975277837,80.092639830871,39.83334288568505
Lahore,1987,26.54035616438356,40.75,15.548470570548307,26.01950940321139,0,0,32,1,0,0,0,352.98,56.67,365,-78.58776586046045,30.79276712328767,2.4325753424657535,58.08357137579833,2.269576725804216,86.94456291909083,40.1825216691241
Lahore,1988,26.126120218579235,40.58,16.298107109296446,27.738123039300806,0,0,39,2,0,0,0,614.71,76.03,365,-75.9569098659105,38.08879781420765,2.5766120218579234,63.83697863521358,3.980995425405868,84.68698674910287,42.11428821927243
Lahore,1989,25.649424657534247,39.68,15.114639632849844,26.836909478476493,0,0,18,1,0,0,0,375.2,74.64,365,-74.95258304578023,33.65057534246575,2.469041095890411,58.74965710571767,2.4148704388105533,83.82515915355873,39.66787861756973
Lahore,1990,25.58468493150685,40.98,16.81822045895787,27.07550323133456,0,0,30,0,0,0,0,701.1,41.58,365,-73.52362689995415,42.361835616438356,2.501013698630137,63.73821626611836,4.545888488709986,82.59895089683252,41.81685242396313
Lahore,1991,26.30369863013699,39.85,15.296349350748143,26.796563958257405,0,0,27,0,0,0,0,286.05,32.27,365,-77.78903760253519,30.59545205479452,2.5106027397260275,59.13666731316613,1.8319300916226602,86.25916246953238,40.130159352563126
Lahore,1992,24.94494535519126,39.46,16.21965535117037,26.660213103336353,0,0,23,2,0,0,0,597.48,50.95,366,-70.85974650322038,42.335491803278686,2.42603825136612,61.254539220873454,3.8683306785517186,81.00748044672454,40.36898068329145
Lahore,1993,26.0733698630137,40.68,15.451871970951066,27.583648442032793,0,0,26,1,0,0,0,484.93,73.05,365,-76.07607491558568,32.31767123287671,2.4974246575342463,61.27967904534411,3.1323807506100767,84.78924402848244,40.99078605849837
Lahore,1994,25.845123287671232,41.61,16.112474140221988,27.328226903173164,0,0,24,0,0,0,0,485.59,29.87,365,-74.9243978783139,36.576136986301364,2.4697534246575343,62.44684688503055,3.136696405451849,83.80097304738229,41.09581070980807
Lahore,1995,24.926356164383563,41.19,16.14041861190799,27.220956257561472,0,0,28,1,0,0,0,719.6,53.81,363,-70.68053301934586,41.92750684931507,2.4945205479452053,62.28349920282423,4.666857601699061,78.77036139065542,40.4777260292757
Lahore,1996,24.943169398907106,39.46,15.979052873890865,27.611139393296046,0,0,5,3,0,0,0,782.07,85.68,364,-70.05427277259706,39.7803825136612,2.399426229508197,62.72121891573498,5.075340871343791,78.92740271907992,40.83211974659518
Lahore,1997,25.33945205479452,40.73,15.96034687857735,27.38472084347256,0,0,24,0,0,0,0,424.18,32.56,364,-73.3490253653376,38.18331506849315,2.449780821917808,62.17293562420127,2.7351443390378445,81.75467831104919,40.32136521758971
Lahore,1998,26.90317808219178,40.93,15.82528542419259,27.574684143973574,0,0,20,0,0,0,0,223.57,15.3,365,-80.75332214626182,30.780027397260273,2.523753424657534,62.23804552476954,1.4233814332682062,88.80285857484722,41.512649946113356
Lahore,1999,27.47221917808219,40.65,15.596704187594039,26.52555312195569,0,0,39,0,0,0,0,262.05,42.77,364,-82.9341122745385,28.56219178082192,2.524767123287671,59.32581247418882,1.674997188285482,89.97978217013642,41.046438019519215
Lahore,2000,26.772540983606557,41.0,15.56294510383963,26.62650412495786,0,0,28,0,0,0,0,308.16,33.65,365,-80.08808008346892,30.59136612021858,2.591311475409836,59.4599934494386,1.9765045288220355,88.23200458992898,40.78542622028374
Lahore,2001,26.36641095890411,39.19,16.085094537618037,27.562155918959984,0,0,9,0,0,0,0,474.74,35.4,365,-77.05981978614825,33.33413698630137,2.292931506849315,62.89097334709382,3.0657496554015,85.63340995080229,41.6552318367594
Lahore,2002,27.18961643835616,41.6,15.94206771468066,26.612158563051885,0,0,49,0,0,0,0,331.81,27.45,365,-81.54227828538701,31.300027397260276,2.301808219178082,60.42144829496669,2.1311488273188797,89.47987342573396,41.45541981721699
Lahore,2003,25.755287671232878,40.73,16.387067520689502,27.66228763475608,0,0,20,1,0,0,0,535.02,55.12,364,-74.66282741221275,39.52060273972603,2.304931506849315,63.90277755562114,3.459912797616712,82.8820711441237,41.448311811644786
Lahore,2004,26.845054644808744,39.3,16.51669083880347,27.394199190529836,0,0,18,0,0,0,0,457.3,32.57,366,-79.34358953867526,35.380464480874316,2.2554371584699453,63.65114609049212,2.9517117456431508,88.28759076307718,42.495511803456345
Lahore,2005,25.281917808219177,42.03,16.30295480093351,27.92869540810666,0,0,15,1,0,0,0,605.72,88.01,363,-72.66470647031451,40.73306849315068,2.2479999999999998,64.26991517417588,3.92221097536415,80.47300977175615,41.16422193410567
Lahore,2006,25.719150684931506,39.25,17.399123628954005,28.148624658488654,0,0,13,2,0,0,0,724.5,60.35,365,-73.76489760731651,45.659863013698626,2.2797534246575344,67.62623749001025,4.698898069463734,82.80598883451734,43.103872586891086
Lahore,2007,25.847917808219176,42.81,17.056514335171133,27.82906278157616,0,0,11,0,0,0,0,554.63,38.54,362,-75.30327742785886,42.38312328767123,2.199232876712329,66.02411521210314,3.5881400573851314,82.04276182035974,41.93258804454419
Lahore,2008,25.27972677595628,37.94,17.05917904923404,27.544122217046084,0,0,0,2,0,0,0,774.78,64.59,366,-71.66400769923727,44.01513661202186,2.261475409836066,65.40276210585425,5.027672501955123,81.69762879172521,42.30768845556739
Lahore,2009,26.428931506849313,41.23,16.39751859377137,27.598929416251384,0,0,23,0,0,0,0,383.52,23.86,365,-77.91265646076624,36.060794520547944,2.2674246575342467,63.79043991803795,2.469273845300775,86.36524162744969,41.83961561265915
Lahore,2010,26.253479452054794,42.33,16.814168461469386,27.859443743322135,0,0,20,1,0,0,0,549.37,54.72,365,-76.61276635442196,39.39882191780822,2.243150684931507,65.45629903337098,3.5537455960704003,85.24978683487828,42.548521936962544
Lahore,2011,25.526739726027397,39.69,17.076867058386426,27.838212337314413,0,0,13,0,0,0,0,585.38,29.66,365,-73.48029364587856,43.159506849315065,2.1191780821917807,66.09760397121478,3.7892103397858916,82.56176599504704,42.174867343029845
Lahore,2012,25.314071038251367,41.97,15.867498349041226,27.28429489691825,0,0,28,0,0,0,0,442.56,36.26,365,-73.71411758853303,38.466147540983606,2.46103825136612,61.70827147345303,2.8553287875102336,82.76241375456063,40.487982835055675
Lahore,2013,25.30312328767123,40.71,16.8842806513198,27.7659513730782,0,0,14,0,0,0,0,666.89,38.74,365,-72.48606273233986,43.73649315068493,2.468027397260274,65.4337901360241,4.322193712744783,81.70860184523414,42.002274672850916
Lahore,2014,24.98704109589041,41.4,16.476189618046504,27.029148238982337,0,0,23,2,1,0,6,671.0300000000001,136.58,364,-71.30154403483617,42.64046575342466,2.4478904109589044,62.74006799504212,12.06355035285616,79.99770450867807,44.25004418446743
Lahore,2015,25.3672602739726,39.4,16.93240657470173,27.169329531089527,0,0,5,1,0,0,0,580.6800000000001,50.7,364,-72.79576991339843,43.394082191780825,2.395123287671233,64.2442198058065,3.7584776462156944,81.27992168172351,41.28456130296989
Lahore,2016,26.564016393442625,40.69,16.939048589701233,27.756684126809585,0,0,17,0,0,0,0,560.99,36.3,366,-77.54994649209745,37.31407103825137,2.3403005464480873,65.55681588964187,3.6297272767694846,86.74843932042614,42.987531871545364
Lahore,2017,25.934164383561644,40.17,16.81016143532763,27.252077821066138,0,0,6,0,0,0,0,581.7,29.04,364,-75.21015315830417,39.87452054794521,2.3017260273972604,64.10647741436539,3.7651472946075244,83.35173940576804,41.764194358325014
Lahore,2018,25.72717808219178,38.97,16.824755247562894,27.739411290915083,0,0,12,2,0,0,0,622.74,98.47,364,-73.97790189231394,40.57775342465753,2.467260273972603,65.21934240146815,4.033502559314099,82.29432649555935,41.954460496021625
Lahore,2019,24.859616438356166,40.25,17.228075963073607,27.649088234340557,0,0,22,0,0,0,0,716.76,45.93,365,-70.81505022191354,49.16723287671233,2.3817534246575343,66.07664188762999,4.648287208137495,80.27468146680782,41.98339217665283
Lahore,2020,23.883087431693987,39.12,17.675847473637685,28.290967641901478,0,0,8,2,0,0,0,991.6800000000001,63.5,362,-65.71853896525877,56.21068306010929,2.3630601092896173,68.66498476034081,6.4459536158648705,73.81795696841856,41.95466379734607
Lahore,2021,25.044684931506847,40.56,17.656940149892034,27.958088198222715,0,0,14,2,0,0,0,799.8199999999999,62.62,364,-70.8766916180246,49.95536986301369,2.3286849315068494,67.88141317698083,5.191405831103578,79.63313240973288,42.60883967952408
Lahore,2022,25.29317808219178,39.89,17.986757913157312,28.261723226380244,0,0,15,0,0,0,0,830.91,49.5,363,-71.77388532830972,52.952219178082196,2.375068493150685,69.41490791950683,5.394699329634948,79.70858306574196,43.17923284062327
Lahore,2023,24.07621917808219,38.44,18.17113880129074,28.211274031127918,0,0,2,4,0,0,0,1202.75,96.17,364,-64.93835979329465,57.35038356164383,2.2125479452054795,69.78663510196408,7.826113112005628,74.53736265085453,43.092082093705386
Multan,1984,27.128278688524592,42.5,15.483430668943969,27.311161600392854,0,0,59,0,0,0,0,168.7,30.13,366,-82.49283341405129,28.04431693989071,3.1564754098360654,60.76147415819917,1.0645935830135824,90.99000318749637,41.45501015668995
Multan,1985,27.628849315068496,40.6,15.785026371255785,26.837470162079306,0,0,41,0,0,0,0,154.12,47.51,365,-83.8973947023722,27.971260273972604,3.224958904109589,60.50693106711723,0.969256844236247,91.50083341425007,41.463453253604
Multan,1986,26.978301369863015,43.55,15.526177277378315,26.995349522445988,0,0,39,1,0,0,0,206.53,66.02,364,-81.44412833047974,29.23416438356164,3.121041095890411,60.177037217509394,1.3119590718988094,88.70120506339242,40.81879401345539
Multan,1987,27.980904109589044,41.49,15.58818436516225,26.679152785246846,0,0,62,0,0,0,0,120.57000000000001,40.71,365,-85.53002965850764,25.03978082191781,3.201671232876712,59.642203712748156,0.7498777231128165,92.90182144966371,41.455561451641145
Multan,1988,28.55172131147541,41.41,16.029542603335205,28.16867821373749,0,0,67,0,0,0,0,119.28,14.25,366,-88.19775994104403,26.17737704918033,3.2001092896174863,64.08292355130118,0.7414425795584432,95.88548443221352,43.529897334245035
Multan,1989,27.257232876712326,40.52,15.339295537355508,26.935555942606378,0,0,44,0,0,0,0,134.54,13.07,365,-82.63010390594785,27.407863013698634,3.0303835616438355,59.55565871173445,0.8412257505969988,90.41335256832787,40.84858734337095
Multan,1990,28.021424657534247,42.54,16.643684593622808,27.59111920801063,0,0,65,0,0,0,0,172.39,39.72,365,-85.86858270750497,31.021972602739726,3.1425753424657534,64.4180343046257,1.0887220169016738,93.19233879355347,43.11341989738183
Multan,1991,27.862164383561645,42.51,15.403680311996945,26.292309307884455,0,0,73,0,0,0,0,82.39,23.68,365,-85.56135629295734,25.46290410958904,3.1440547945205477,58.30586337514417,0.5002236293872555,92.9287032947993,40.94903546946735
Multan,1992,26.37289617486339,41.79,16.145213596379367,27.257919543432717,0,0,39,0,0,0,0,398.52,49.45,366,-77.50547352652987,34.860163934426225,2.774289617486339,62.37756850802772,2.567356909886511,86.7102764154697,41.54615026572467
Multan,1993,27.64857534246575,41.17,15.558725192029835,27.407035068732807,0,0,38,0,0,0,0,231.78,38.2,365,-83.83940743362051,26.579835616438356,3.0504109589041097,61.17011780806729,1.4770655639514658,91.45107368723814,41.878483268007884
Multan,1994,27.19709589041096,42.2,16.10792422298354,27.607921614869927,0,0,42,0,0,0,0,248.33,46.81,365,-81.69875283311457,30.389342465753426,3.214904109589041,63.05169398787463,1.585283878544395,89.61414653338073,42.03242257505255
Multan,1995,27.097150684931503,41.89,15.962257880555182,27.19536209436442,0,0,48,1,0,0,0,260.2,56.09,364,-81.54675673714272,31.056602739726028,3.092164383561644,61.76037927348379,1.6629002769865744,88.78927200651897,41.47373690831884
Multan,1996,27.44592896174863,40.5,15.490515124870093,26.991414743570136,0,0,38,0,0,0,0,137.31,22.57,366,-83.23438231872147,26.477185792349726,3.1923497267759564,60.074945633634826,0.8593384231904984,91.62633719419688,41.315770279075394
Multan,1997,27.10260273972603,42.32,16.04216078996326,26.93740971847368,0,0,56,0,0,0,0,145.15,28.06,364,-82.05282949362979,31.123178082191785,3.185972602739726,61.400859626145504,0.9106031716139764,89.22354047187477,41.135914433038636
Multan,1998,28.220054794520546,42.05,16.05541468110313,27.80920143723579,0,0,80,0,0,0,0,114.06,19.08,365,-87.20242092950186,27.421260273972603,2.9675068493150687,63.357998126283434,0.707309673082607,94.33692496278408,42.909920031468225
Multan,1999,28.35,41.7,15.846616684671478,27.597135328190898,0,0,45,0,0,0,0,156.27,33.49,365,-87.20889435729568,26.806027397260277,3.276986301369863,62.34342942477324,0.983315416826869,94.34247990625332,42.73114074156739
Multan,2000,28.16464480874317,40.78,15.393777896995257,26.900837145599986,0,0,72,0,0,0,0,63.49,20.53,366,-87.11019795734968,24.480464480874318,3.4911475409836066,59.6218122365733,0.37663896800922764,94.95223152028697,41.79408908664789
Multan,2001,27.999945205479452,41.14,16.213842269968925,27.361030947934974,0,0,51,0,0,0,0,181.35999999999999,41.48,364,-85.70594938793235,28.57871232876712,3.1595616438356164,62.78471201315061,1.1473756895239438,92.35833630888418,42.441316741452
Multan,2002,28.498027397260277,41.64,15.679096577907119,25.551953875636315,0,0,81,0,0,0,0,75.27,20.84,365,-88.37703252485706,25.148931506849316,3.171095890410959,57.394714021295364,0.4536668680638926,95.34487642503014,41.25878340327489
Multan,2003,27.735150684931508,41.64,15.695117643434381,27.354537642266965,0,0,44,0,0,0,0,101.62,6.47,365,-84.76759070807778,27.453945205479453,2.9496712328767125,61.41162554677164,0.6259661181861695,92.24756138787131,41.767062764183095
Multan,2004,28.48803278688525,41.4,16.227606128498177,27.58616798191291,0,0,64,0,0,0,0,185.93,30.01,366,-87.64990381875948,27.794453551912568,2.9789617486338797,63.31722375700508,1.177258329867732,95.41536104696789,43.37877363728398
Multan,2005,27.18205479452055,42.8,16.105624336576582,28.13249702565704,0,0,63,0,0,0,0,160.17,19.84,365,-82.67342548260724,32.18835616438356,2.8384931506849314,64.20243055731166,1.0088170136191603,90.45052744955099,42.327328685709865
Multan,2006,28.20704109589041,42.36,17.127768211600298,28.081116063173727,0,0,66,0,0,0,0,127.71,15.26,365,-86.97403421941921,33.0117808219178,2.8875342465753424,66.76657261678403,0.7965652618556269,94.14094297240047,43.923661895970355
Multan,2007,27.783835616438356,43.21,16.781774044585344,27.725400144109894,0,0,54,0,0,0,0,218.29,25.42,365,-85.00914720259378,33.06580821917808,2.7730684931506846,65.07585922869487,1.3888561945340268,92.45484456371024,43.26145419707633
Multan,2008,27.80502732240437,41.43,16.552506287379416,27.241418089731802,0,0,56,0,0,0,0,170.23,20.27,366,-85.2208529822503,30.700628415300546,2.791994535519126,63.40805913920984,1.0745980556013275,93.33095684713614,42.83872607856758
Multan,2009,27.93704109589041,42.12,16.403281265296894,27.913978277942984,0,0,70,0,0,0,0,119.59,16.51,365,-85.59732287298164,30.662520547945206,2.850821917808219,64.50026099123633,0.7434696295598817,92.95956674538232,42.92453131701842
Multan,2010,28.16290410958904,43.06,16.565073341701158,27.76706381453965,0,0,48,0,0,0,0,146.91,13.05,365,-86.4931595730062,29.08205479452055,2.6606027397260275,64.60009895181047,0.9221115845253693,93.72829737539996,43.227054242429546
Multan,2011,27.810136986301373,43.02,16.85335819892375,27.423616987224353,0,0,70,0,0,0,0,146.82,24.88,365,-85.2391251286169,32.167972602739724,2.6812876712328766,64.59789619988504,0.9215230861378552,92.65219199986358,42.957102248693445
Multan,2012,26.866147540983608,42.27,15.914584228937002,27.635533985442034,0,0,58,1,0,0,0,168.44,54.97,366,-81.23179202259703,30.911666666666665,2.884863387978142,62.60614062684958,1.0628934765607632,89.907885047768,41.737115514449215
Multan,2013,27.53882191780822,41.39,16.729175448215777,28.232835822942793,0,0,56,0,0,0,0,181.26,26.16,364,-83.87080989745779,32.869068493150685,2.789150684931507,66.05704589684245,1.1467218024267058,90.78357615824054,43.029032619704886
Multan,2014,27.254219178082195,41.73,16.330539066696744,27.634555234346227,0,0,57,0,0,0,0,150.66,36.34,365,-82.66507382494937,30.853369863013697,2.832986301369863,63.693550924143906,0.9466323506718034,90.44336076944865,42.14489002740764
Multan,2015,26.91180821917808,39.92,16.89108992865033,27.490715112647425,0,0,14,0,0,0,0,315.37,42.7,365,-80.26703288596026,36.178657534246575,2.728027397260274,64.84469278919919,2.023649788532913,88.38556661814106,42.46044189613483
Multan,2016,28.57346994535519,41.64,16.89354382636357,28.282708758874772,0,0,59,0,0,0,0,143.45,29.75,366,-88.01320214891399,29.156120218579233,2.63603825136612,66.59757562547111,0.8994870909609263,95.7271126800684,44.31582004859085
Multan,2017,27.866301369863017,41.09,16.63691601319695,28.028710248889244,0,0,39,0,0,0,0,185.46,30.33,365,-85.15968316598455,31.208191780821917,2.7906575342465754,65.36525289182458,1.1741850605107118,92.58402168491384,43.28396456600565
Multan,2018,28.104767123287672,41.48,16.42455417341161,27.521506932312864,0,0,38,0,0,0,0,87.59,18.5,364,-86.24202182290968,28.589205479452055,3.1992602739726026,63.69053075277552,0.5342257584436442,92.81834793897694,42.55214780187653
Multan,2019,27.048931506849318,41.35,17.394938431928427,27.821411060800433,0,0,53,0,0,0,0,267.02,31.82,364,-82.04959321150956,40.17361643835617,2.907780821917808,66.89372359878288,1.7074953770182224,89.22076337065405,43.14168084195658
Multan,2020,25.787650273224045,40.07,17.914940566286536,28.68546973423172,0,0,33,4,1,1,7,817.09,217.6,361,-74.51912599951534,47.935109289617486,2.8446721311475414,70.16120609039368,17.756713085177573,80.67542551792016,49.20773909492805
Multan,2021,27.799808219178082,41.21,17.40998584707817,28.18036684979751,0,0,51,0,0,0,0,176.16,31.73,365,-84.75724554567964,34.526575342465755,2.9157260273972603,67.72468631523157,1.1133735604675554,92.23868405207148,43.87809500979773
Multan,2022,27.258191780821917,39.9,17.967758522633865,29.12127554913609,0,0,21,0,0,0,0,493.27,36.85,365,-80.79819557178705,42.32493150684932,2.890027397260274,71.2605713432737,3.186914934519746,88.84136512037512,45.02262440360977
Multan,2023,27.211753424657537,40.51,18.053782318195918,28.23082132232344,0,0,21,0,0,0,0,364.83,32.56,365,-81.09989275166126,39.848821917808216,2.8800000000000003,69.52233134916756,2.3470623468269474,89.10025590164463,44.18794143623355
Peshawar,1984,23.124863387978145,39.65,13.876266129189519,26.692795456555135,0,0,14,0,0,0,0,349.08,46.46,365,-65.42761110869705,36.8275956284153,2.1842349726775954,55.188021243637415,2.2440751290119243,75.65164083499276,36.479150389894784
Peshawar,1985,23.78739726027397,39.12,13.777506186775886,26.742031424927802,0,0,5,0,0,0,0,376.71,41.64,362,-67.30966208279305,33.964164383561645,2.143397260273973,55.03789762562316,2.4247441339788507,75.1833230854176,36.39833491933183
Peshawar,1986,22.404520547945204,40.57,14.082890488438885,25.64334056094159,0,0,7,1,0,0,0,581.18,55.72,359,-61.55460885496985,42.42964383561644,2.0695890410958904,53.415068783642596,3.761747081701885,68.16149404914157,34.75768033414401
Peshawar,1987,23.96780821917808,39.34,13.78486873762841,24.588550941478147,0,0,7,0,0,0,0,281.81,30.75,363,-68.2280768416831,33.736657534246575,2.0230684931506846,50.308462513354,1.8042052786997589,76.66587272381058,35.07089931037373
Peshawar,1988,24.44483606557377,40.4,14.167938965326988,26.705701947138284,0,0,14,0,0,0,0,300.45,23.74,365,-70.17800577407385,33.22978142076503,2.2773224043715845,55.980501212077,1.926089833624967,79.72802426943734,37.59289685611367
Peshawar,1989,22.94331506849315,38.02,13.132410945139009,25.792826277368558,0,0,1,0,0,0,0,317.08,28.41,363,-64.17559488911684,34.4993698630137,2.0753424657534247,51.25498159886004,2.0348312578956866,73.18837843891912,34.58926315544085
Peshawar,1990,23.52690410958904,39.92,14.589411744603098,25.408888986229936,0,0,11,0,0,0,0,413.51,25.48,356,-66.69704431591855,40.66257534246575,2.0842191780821917,54.22487263356507,2.665374585762524,70.49096011508696,35.0896203824344
Peshawar,1991,23.638630136986304,38.46,13.21095085574421,24.6600570716273,0,0,4,0,0,0,0,148.79,29.39,365,-67.70593869408565,32.09980821917808,2.0592876712328767,48.962800139450415,0.9344046619534483,77.60670719926915,34.51099893953146
Peshawar,1992,22.30551912568306,36.82,14.176919673185512,25.157842359332214,0,0,0,1,0,0,0,551.11,59.27,361,-60.54714560688227,43.31486338797814,2.038333333333333,52.59078219651046,3.5651232315623456,68.68586392758942,34.55300609505355
Peshawar,1993,23.47950684931507,38.7,13.442825670733697,25.465901168565203,0,0,2,0,0,0,0,350.62,32.07,360,-66.18338437220442,32.8793698630137,2.058109589041096,51.34717936407895,2.2541449903093933,72.8279587507115,34.62550874254079
Peshawar,1994,22.99290410958904,40.28,14.39073549012147,26.17432392131091,0,0,13,0,0,0,0,442.27,40.9,362,-64.04140270987297,40.41742465753425,2.2176712328767123,55.39234156872641,2.8534325149282425,72.37878171449914,35.996442530960415
Peshawar,1995,22.3353698630137,38.87,14.302115618811989,26.354397232925002,0,0,7,0,0,0,0,589.59,39.95,361,-60.782177544436244,43.13904109589041,2.032876712328767,55.55729360482579,3.8167389865796215,68.88754828526888,35.60660769672579
Peshawar,1996,22.518852459016394,38.58,14.322901708925757,25.874907452970664,0,0,2,1,0,0,0,679.37,54.83,358,-61.2241409562118,42.31191256830601,2.0674863387978144,54.55440055116679,4.403798822480116,67.18347024697945,35.14389719721095
Peshawar,1997,23.191616438356167,39.52,13.698645716452907,25.544504425885556,0,0,16,0,0,0,0,238.64,46.23,363,-65.93057462420029,37.458465753424655,1.9824109589041097,52.190615526266875,1.5219222188220094,74.69435232610405,35.01563773787598
Peshawar,1998,24.11367123287671,38.59,13.731052801309165,26.343400183090914,0,0,2,0,0,0,0,264.82,29.91,362,-69.17881117193687,32.33205479452055,1.941808219178082,54.03717903210807,1.6931098608789812,76.78726737220006,36.16986999007798
Peshawar,1999,24.70046575342466,39.77,13.636543385784886,25.700375114479193,0,0,6,0,0,0,0,214.22,16.2,364,-71.6935363813401,30.783835616438356,2.016739726027397,52.37165854370072,1.3622429896764303,80.33407889865539,36.40802663312846
Peshawar,2000,24.502486338797812,39.1,13.319867694699091,24.167585427510097,0,0,4,0,0,0,0,215.56,31.77,365,-71.16547322294062,28.444371584699454,2.035655737704918,48.16213346290801,1.371005076779423,80.5753845908759,35.209438471142114
Peshawar,2001,24.551369863013697,38.0,14.118857223125133,26.178171419777144,0,0,1,0,0,0,0,224.57,33.33,365,-70.5528223523683,30.625972602739726,2.1128493150684933,54.688657130628,1.4299203042405886,80.04965988044262,37.06247624620732
Peshawar,2002,24.26786301369863,38.32,13.85831954777636,24.676653692950126,0,0,2,1,0,0,0,407.3,69.71,361,-69.11547337947022,31.987315068493153,2.0052876712328764,50.69514116827218,2.624768197024029,76.03847183775733,35.399305998581795
Peshawar,2003,23.368328767123288,38.0,14.5229392179576,26.78895307141632,0,0,1,0,0,0,0,349.83,34.09,362,-65.70582233481193,39.38915068493151,2.144109589041096,57.09398312318963,2.248979282241211,73.80704464105483,36.591996774229145
Peshawar,2004,24.69743169398907,38.31,14.45234679326757,25.57500044748737,0,0,2,0,0,0,0,243.32,13.73,364,-71.299730321779,34.180601092896175,2.0482240437158468,54.232137906377986,1.5525241349727592,79.99614813486454,36.96731426636727
Peshawar,2005,22.922794520547946,39.71,14.29741710595796,25.8049205506737,0,0,10,0,0,0,0,421.45,23.86,356,-64.15240452722114,40.57397260273972,2.073068493150685,54.33331442018225,2.7172932212832404,68.30736733765363,34.59961811004554
Peshawar,2006,23.047671232876713,38.36,15.58135557249112,27.257074046462535,0,0,1,3,0,0,0,766.24,58.73,356,-63.27088803265092,48.360410958904104,2.067808219178082,60.89871202840676,4.9718305438509764,67.55092508626636,37.39466862482156
Peshawar,2007,22.96986301369863,39.22,15.450689233413163,26.98231732955214,0,0,6,2,0,0,0,713.91,52.77,361,-62.98913375340996,46.479726027397255,1.917041095890411,59.950563065960495,4.629651425866204,70.7813698231666,37.763854517219585
Peshawar,2008,23.00756830601093,37.31,15.431370035284974,26.653987835830936,0,0,0,1,1,0,0,744.1700000000001,109.87,360,-62.92249850836655,45.08633879781421,1.948360655737705,59.17594586843685,9.113231947204783,70.02974469623595,39.3611743108322
Peshawar,2009,23.264054794520547,38.88,14.686589698601637,26.112339635080005,0,0,6,0,0,0,0,509.84000000000003,42.99,358,-64.67772732061961,41.110383561643836,2.1284109589041096,56.030629918715455,3.2952640265321227,70.14704343130958,35.82881864538149
Peshawar,2010,23.4966301369863,38.56,15.430075624451252,27.00527660541038,0,0,1,2,1,0,6,730.73,100.65,359,-64.30233342119102,42.621835616438354,1.971972602739726,59.947195325498534,12.45392094990739,70.51935685700408,41.21826223935891
Peshawar,2011,23.10304109589041,39.73,15.381047738985327,26.4707706471702,0,0,2,0,0,0,0,561.88,26.98,360,-64.05013995570202,45.42117808219178,2.0695068493150686,58.640110533335026,3.635546871934904,70.99739038458567,36.977376848517636
Peshawar,2012,21.90142076502732,39.45,14.40149263596959,26.145194454513472,0,0,4,0,0,0,0,738.47,26.55,355,-59.22511095650429,45.81338797814208,2.091967213114754,55.356284779007595,4.790246096947917,63.38473990986494,34.60868115479508
Peshawar,2013,22.69380821917808,39.25,15.398158984529227,26.90758771617176,0,0,3,0,0,0,0,707.13,38.88,359,-61.8998602216585,47.10695890410959,2.013780821917808,59.648174168051256,4.585317880673451,68.45775931782475,37.07228512617462
Peshawar,2014,22.497150684931505,38.17,15.058750371865907,26.128557241673345,0,0,1,0,0,0,0,691.96,33.96,360,-61.03398610881285,46.08786301369863,1.9368493150684933,57.04124438242455,4.486123208022411,68.40918446838943,36.23342487543481
Peshawar,2015,22.436273972602738,38.28,15.552195560014203,26.246989236007586,0,0,2,0,0,0,0,888.21,27.66,357,-60.014940536370425,50.000109589041095,1.943123287671233,58.59495310223989,5.769376636352462,65.45139316196918,36.53755370752287
Peshawar,2016,23.711693989071037,36.81,15.865188047806427,26.31047743723583,0,0,0,0,0,0,0,743.86,33.44,365,-64.97313741252532,44.36382513661202,1.9172404371584701,59.55481824470931,4.825490611489059,75.26165028116196,38.85332881887336
Peshawar,2017,23.268767123287674,39.02,15.319351687242563,26.6515634699887,0,0,1,0,0,0,0,658.63,27.87,356,-64.318836728651,44.468136986301374,2.0641095890410956,58.87717451011012,4.268182638512904,68.45018525419677,36.69638085391304
Peshawar,2018,22.872712328767125,37.79,15.548911776963841,26.708210685765316,0,0,0,0,0,0,0,725.7,41.74,363,-61.921546117535385,46.200794520547944,1.9149589041095891,59.603408209770414,4.706744714630593,71.2541460813691,37.81259410485717
Peshawar,2019,22.139260273972603,38.86,15.659803823205399,26.801869497947056,0,0,3,0,0,0,0,736.13,27.7,352,-60.017154750841215,53.45002739726027,2.0886027397260274,60.10041380017289,4.774945138872542,61.98107098970592,35.674117199970986
Peshawar,2020,20.506830601092897,32.64,15.891942580452278,27.527180855377377,0,0,0,8,5,3,23,2563.77,257.9,342,-47.86268644128349,63.499071038251365,1.971912568306011,62.30789863051919,63.797075854266126,44.6066987683801,58.55272841567054
Peshawar,2021,22.04895890410959,36.51,16.10112011154181,27.37385224090117,0,0,0,2,1,1,0,1358.22,198.82,361,-56.85464089929251,55.00098630136986,1.8606027397260274,62.51771584209874,17.295092334462872,65.51727140382835,42.917424154095
Peshawar,2022,22.349150684931505,37.62,16.366813301945406,27.388667659067483,0,0,0,0,0,0,0,1164.79,49.5,356,-58.74331720921839,56.83564383561644,1.906958904109589,63.24635314550263,7.577897569893991,63.665750063350444,38.3003973659407
Peshawar,2023,21.893150684931506,36.89,16.496404958020314,27.11917392461662,0,0,0,0,0,0,0,1054.82,36.55,358,-56.9381442705848,58.34553424657534,1.9067671232876713,62.99153988520587,6.858817929061095,63.50559353986834,37.86032841860634
Quetta,1984,15.321803278688524,29.2,7.522913556845007,19.96996569355009,0,0,0,1,0,0,0,175.07,56.8,294,-38.385565135159844,36.95877049180328,3.1950546448087436,23.72103290347623,1.1062461911076586,3.140908445720009,8.399347768471317
Quetta,1985,16.338657534246575,29.3,7.538405993690281,19.405722553910692,0,0,0,0,0,0,0,166.98,42.36,333,-40.114843745274776,31.297808219178084,2.957808219178082,22.51738062126114,1.0533467249410846,31.708161153413933,15.156260500955312
Quetta,1986,15.173123287671231,30.83,7.158683019169302,19.34653151828524,0,0,0,1,0,0,0,302.36,62.83,298,-36.68975635690583,35.226301369863016,3.0096164383561645,21.39219484024469,1.9385790771822176,4.463487803449877,8.405890987667876
Quetta,1987,16.69027397260274,30.18,7.674963166613325,18.36977469827335,0,0,0,0,0,0,0,120.51,23.62,336,-41.10246305687768,29.258383561643836,2.8762465753424657,20.590676280259604,0.7494853908544735,34.63898512383022,15.174217590919948
Quetta,1988,16.71666666666667,30.69,7.967623130541612,20.747208904639102,0,0,0,0,0,0,0,187.39000000000001,28.28,341,-41.37437004760513,31.440765027322403,3.0497267759562843,26.599851035633723,1.18680508148741,38.34453472846755,18.10015127947634
Quetta,1989,15.157561643835617,30.02,7.241214921260625,20.117065115628684,0,0,0,0,0,0,0,200.35999999999999,21.68,305,-36.83302408481549,35.92427397260274,3.083835616438356,23.307514811572617,1.27161423799921,9.447539056145018,9.926365614607683
Quetta,1990,16.262602739726027,30.53,8.059139362767203,19.694368952245615,0,0,0,0,0,0,0,178.0,21.6,319,-40.67758396845522,36.14109589041096,2.892684931506849,24.517915272114447,1.1254050830567393,22.46883458202843,13.479015514516973
Quetta,1991,16.1186301369863,30.12,7.281296002972955,18.186706074858172,0,0,0,0,0,0,0,51.84,9.46,323,-40.25165585239678,31.345945205479453,3.047534246575342,19.155797406424718,0.3004611211809724,24.881117187537804,12.102226023343302
Quetta,1992,14.893360655737705,28.72,7.586759090304469,19.66336688927705,0,0,0,0,0,0,0,333.87,42.71,319,-34.78138563339611,40.160792349726776,2.956256830601093,23.21217985929414,2.1446189015219876,17.409220189478138,12.281037510842669
Quetta,1993,15.840904109589042,30.25,7.083517744212803,18.5412256222476,0,0,0,0,0,0,0,153.82999999999998,25.36,326,-38.96193628482408,31.746849315068495,3.0594520547945208,19.419493599172544,0.9673605716542558,25.857723217000824,12.725591141246383
Quetta,1994,15.420767123287671,30.0,8.054304121501971,20.786863245937063,0,0,0,0,0,0,0,250.16,26.29,316,-37.111724827347025,38.17668493150685,3.266027397260274,26.914349937384827,1.5972500124238547,17.325585145656277,13.124463773220253
Quetta,1995,15.446657534246574,30.12,7.254517084244805,20.7395151040815,0,0,0,0,0,0,0,158.54,18.75,297,-37.815066448627746,34.54931506849315,3.1453698630136984,24.71494692233223,0.998158653934177,4.734688476861057,9.047327590185313
Quetta,1996,15.271420765027322,29.36,7.129152486969481,17.937240694732235,0,0,0,0,0,0,0,161.77,34.93,323,-37.222588770411534,34.04653005464481,3.13448087431694,18.207161154711937,1.0192792071749723,22.28183023464068,11.491281548302489
Quetta,1997,15.03317808219178,30.67,7.301694312169155,20.186295895545356,0,0,0,0,0,0,0,206.21,46.29,304,-36.617607643498225,38.0961095890411,2.998821917808219,23.618600322326778,1.3098666331876472,8.568242599447178,9.817080731494269
Quetta,1998,16.523835616438355,29.79,7.883117814354477,20.654663167787483,0,0,0,0,0,0,0,89.75,28.46,330,-41.03873427005466,31.31616438356164,3.1104657534246574,26.17441837543122,0.5483497197439902,30.417631849165264,15.703490848805476
Quetta,1999,16.641753424657534,30.41,7.199403117384787,19.16419829441718,0,0,0,0,0,0,0,60.699999999999996,10.48,337,-41.403834063924535,27.37553424657534,3.243123287671233,21.0967888235998,0.35839551799628067,35.5920404558503,15.388324744140842
Quetta,2000,16.693524590163936,29.08,6.899402686634209,18.54959242935571,0,0,0,1,0,0,0,79.86999999999999,52.87,332,-42.057482340760224,24.77639344262295,3.2550819672131146,18.955665285750797,0.48374567453685174,32.68072342053109,14.074565994399595
Quetta,2001,16.952383561643835,29.89,7.721669233393091,20.09408857339865,0,0,0,0,0,0,0,38.94,5.28,334,-42.738685246489574,28.92268493150685,2.9892602739726026,24.515369429678273,0.21610968563723915,34.654162528089095,16.115400819462515
Quetta,2002,16.617835616438356,29.17,6.859185906370373,18.074871400330498,0,0,0,0,0,0,0,51.230000000000004,15.74,331,-41.383160283774565,24.973150684931507,2.9936986301369863,17.803494649241546,0.29647240988781914,31.407633314787912,13.32636930791896
Quetta,2003,16.138356164383563,29.95,7.607708319448134,20.944267379243882,0,0,0,0,0,0,0,88.89,12.27,334,-39.57454425342514,30.74517808219178,3.22772602739726,26.09161698257623,0.5427262907077413,31.938966668178,16.05645359263585
Quetta,2004,16.926338797814207,28.27,7.453400678720119,18.80574858440567,0,0,0,0,0,0,0,94.28999999999999,25.56,334,-41.89991277675054,27.272732240437158,2.8831967213114753,20.971689149361175,0.5780361939586063,33.9343995522183,15.035222920144301
Quetta,2005,15.443397260273972,30.78,7.526684033170886,20.131277754920678,0,0,0,0,0,0,0,177.54,17.22,310,-37.87602709806218,36.20356164383561,2.9854246575342467,24.08662473671974,1.122397202409443,13.814777483286571,11.184760532921814
Quetta,2006,16.760986301369865,30.6,8.44282536448002,19.8490674353372,0,0,0,0,0,0,0,262.87,43.84,331,-41.48836058839058,35.17021917808219,2.7346301369863015,25.86408903077778,1.6803590624828355,31.49790724132307,16.389865097681376
Quetta,2007,15.89427397260274,29.97,8.141341449083736,19.660237828758508,0,0,0,0,0,0,0,260.39,25.3,315,-38.570129073062695,37.27408219178083,2.705041095890411,24.657974847997583,1.6641426624713271,17.88261880497638,12.616911353755468
Quetta,2008,16.14407103825137,29.69,7.7094615943936,20.17853645770563,0,0,0,0,0,0,0,201.01,22.71,310,-40.81252514221435,33.702267759562844,2.998743169398907,24.669611464779912,1.2758645041312588,16.334629585198464,12.058679862592655
Quetta,2009,16.31841095890411,30.36,7.924526334601151,20.334150932608114,0,0,0,0,0,0,0,175.85,30.78,328,-40.06046639611186,34.59706849315069,3.0224657534246577,25.57611189991627,1.1113465104661169,28.189276929200112,15.22025873198466
Quetta,2010,16.854219178082193,30.53,8.306811496735813,19.405502028814468,0,0,0,0,0,0,0,126.54,25.21,332,-41.856946329064,31.11805479452055,2.802904109589041,24.529686144616033,0.7889147828179396,32.508640523493895,15.841077626526356
Quetta,2011,16.42531506849315,29.96,8.616517871526641,19.322854620045984,0,0,0,0,0,0,0,259.12,19.76,321,-40.53312184239655,36.98038356164383,2.819506849315068,25.158694378475804,1.6558382963364013,23.73375839873873,14.226175146578804
Quetta,2012,15.297513661202187,29.97,7.120145042100615,20.05281020102729,0,0,0,0,0,0,0,156.43,15.24,308,-37.72597852426732,33.65010928961749,3.2472131147540986,22.848688643772554,0.9843616361824504,12.29712970936494,10.371851756755104
Quetta,2013,16.17890410958904,30.01,7.990437427675406,20.18283260395817,0,0,0,0,0,0,0,193.15,26.73,323,-39.92318000094083,34.77323287671233,2.770931506849315,25.415084285855592,1.2244689782883327,24.599247234868535,14.32534813470356
Quetta,2014,16.165397260273974,29.68,7.531934388752316,20.906627996684318,0,0,0,0,0,0,0,87.03,11.68,326,-40.30892319417224,31.400219178082192,2.785150684931507,25.810131727871067,0.53056399069911,27.01359246797073,14.735191431168602
Quetta,2015,16.55958904109589,29.94,8.11395180599623,19.271448987015887,0,0,0,0,0,0,0,104.25,13.98,325,-41.07102968558062,33.42095890410959,2.9744657534246577,23.72889642330269,0.6431633488435353,26.97312279734929,14.15137313330772
Quetta,2016,17.38825136612022,30.02,8.764756996526577,19.55315319146461,0,0,0,0,0,0,0,123.8,24.26,351,-43.25409676167375,31.792841530054645,2.9181147540983607,26.054837862433104,0.7709982763536117,46.90200027500276,19.888900651839748
Quetta,2017,16.631123287671233,29.58,8.090068121766222,19.429118922149055,0,0,0,0,0,0,0,156.84,32.44,325,-41.684555322210215,32.374273972602744,2.9715616438356163,24.01401846333979,0.9870425732811269,27.499598157384575,14.523274236324589
Quetta,2018,16.98331506849315,29.6,8.067199337855138,20.706825747425697,0,0,0,0,0,0,0,142.5,43.09,344,-42.115657496920846,30.660164383561643,3.1063013698630138,26.771634477360486,0.8932751635371631,41.06397770982158,18.699458594255262
Quetta,2019,15.585835616438356,29.75,8.484122504891394,20.315871917755747,0,0,0,0,0,0,0,329.79,49.7,310,-37.86772693665466,42.7472602739726,2.9555068493150687,27.001632530555185,2.1179403079546675,13.807654992873,12.505476645964405
Quetta,2020,14.772240437158471,30.07,8.164435566417763,21.105085552265972,0,0,0,1,0,0,0,534.75,55.04,299,-34.72532194044225,44.75478142076503,3.145109289617486,27.904556591909042,3.458147302454169,3.4722222222222223,10.795588819232645
Quetta,2021,16.644876712328767,30.51,8.30808215440035,20.81381700659847,0,0,0,1,1,1,7,614.92,466.31,336,-39.772806673433415,32.343890410958906,2.978219178082192,27.638542921170057,16.43474954069102,33.49798745168296,24.061697032582714
Quetta,2022,15.788849315068495,31.06,9.210240499995075,22.00233003529417,0,0,0,4,0,0,0,702.59,80.08,320,-36.711036251698346,46.78035616438357,2.978164383561644,32.622527040899875,4.5556314064588355,19.759526171500536,16.776673788051575
Quetta,2023,16.447260273972603,31.25,8.98218182242086,20.97123571716571,0,0,0,1,0,0,0,325.29,50.39,332,-40.21334404048851,40.45528767123288,2.8463835616438358,29.75143621676221,2.0885153885789465,31.09824125902923,17.639823104646496
Sialkot,1984,24.459316939890712,39.91,15.824917190815103,27.121150832422156,0,0,26,1,0,0,0,885.32,58.77,364,-68.37789578809051,41.69453551912569,2.3814754098360655,61.23697758368506,5.750479299242276,77.48887900665389,40.33102871142802
Sialkot,1985,24.991397260273974,39.85,15.995017350497601,27.523741517366684,0,0,16,0,0,0,0,747.47,49.44,365,-70.53428145746288,41.09608219178082,2.344684931506849,62.57031255230948,4.849095935699359,80.0337496662023,40.961624353308125
Sialkot,1986,24.060410958904107,41.52,16.021933014562624,26.832875233032684,0,0,14,2,0,0,0,926.8199999999999,74.41,362,-66.28540215675696,45.01243835616439,2.3193424657534245,61.117361261576946,6.021842444596146,74.3043905989254,39.6211351282727
Sialkot,1987,25.752794520547948,39.94,15.72772448088086,26.477688486664267,0,0,20,1,0,0,0,522.6,51.69,364,-74.45391203086186,35.03723287671233,2.2835616438356166,59.563464111319995,3.378700020139723,82.70279778691268,40.06515368918704
Sialkot,1988,25.45418032786885,40.27,16.361956911903643,27.91996303213381,0,0,26,3,0,0,0,861.93,71.98,366,-72.04969882162443,41.20486338797814,2.3876229508196722,64.4052115498112,5.59753510719825,82.02859600873782,42.34760326536703
Sialkot,1989,25.011835616438354,39.21,15.199438087057283,26.92137509201998,0,0,9,1,1,0,0,558.87,100.08,363,-71.38663826230565,36.498438356164385,2.423315068493151,59.15803983922472,7.9015791560223185,79.37628067065855,41.147192739642094
Sialkot,1990,24.944986301369863,40.54,16.804147827538323,26.939706957247008,0,0,16,2,0,0,0,895.46,58.7,363,-70.05643671511116,45.271643835616445,2.3543835616438358,63.40190438268459,5.816783450902234,78.23481518549005,41.1968276640839
Sialkot,1991,25.651479452054797,39.4,15.334012590267786,26.97598958755095,0,0,16,0,0,0,0,426.74,38.59,365,-74.33538121203256,33.78665753424657,2.4167397260273975,59.63098210323548,2.7518838487271435,83.29552919478176,39.9515246615933
Sialkot,1992,24.197540983606554,38.59,16.281564619296606,26.407667637022502,0,0,5,3,0,0,0,869.76,93.54,364,-66.79808834576575,46.385245901639344,2.3524590163934427,60.85980929664617,5.648734466912005,76.13322303675268,39.83317905829243
Sialkot,1993,25.438958904109587,40.0,15.492306044816884,27.40428788345064,0,0,16,1,0,0,0,644.64,65.03,365,-72.68628803160973,35.473123287671235,2.4595890410958905,60.990078941299224,4.176703833609274,81.88041811537465,40.6466449363576
Sialkot,1994,25.078520547945207,41.15,16.22049274267804,27.464076539415746,0,0,20,0,0,0,0,738.58,36.91,365,-70.72977676013619,40.98994520547945,2.3310136986301373,63.02936223713364,4.790965372754878,80.2015070567908,41.11511985307749
Sialkot,1995,24.184164383561644,40.76,16.294816135195617,27.602105695045605,0,0,19,0,0,0,0,986.9300000000001,44.57,364,-66.59939875309378,46.38778082191781,2.295945205479452,63.52842116187886,6.414893978746054,75.96272457899974,40.93590978374932
Sialkot,1996,24.517896174863385,38.58,16.172190753494544,27.477928227417404,0,0,2,2,0,0,0,912.4,86.41,363,-67.79204730700388,42.776420765027325,2.3039890710382513,62.93338297198477,5.927551925174392,76.29170937585768,40.62034060188833
Sialkot,1997,24.905424657534244,40.57,15.748441642324986,27.287362624894445,0,0,18,0,0,0,0,439.9,31.21,364,-71.2041770307204,38.79578082191781,2.3614794520547946,61.40317438242144,2.8379353907236964,79.91415245235487,39.676561353640814
Sialkot,1998,26.492027397260273,40.35,15.463916258560122,27.589274976598038,0,0,14,0,0,0,0,288.56,20.99,365,-78.44517117088286,30.259698630136988,2.4634246575342464,61.32363561253539,1.84834265776334,86.82220032158489,40.93439496015034
Sialkot,1999,27.085041095890414,40.19,15.309661970110964,26.208123215441816,0,0,26,0,0,0,0,281.42,18.05,365,-80.98517412546184,28.792410958904107,2.4986301369863013,57.873946085148745,1.8016551190205299,89.00181416355706,40.423382169993126
Sialkot,2000,26.147786885245903,40.61,15.628175144858776,26.54895078590385,0,0,16,0,0,0,0,479.8,40.85,365,-76.53978012071742,33.435109289617486,2.451830601092896,59.45984381567039,3.098836342521755,85.18715627574092,40.52921856777114
Sialkot,2001,25.704849315068493,38.34,15.943501723046422,27.52870342737837,0,0,2,0,0,0,0,645.83,35.15,365,-73.29186380739644,34.95580821917808,2.3301643835616437,62.446312171737745,4.18448509006641,82.40007158305596,41.2169298378152
Sialkot,2002,26.63145205479452,40.77,15.801176505792935,26.69952712633753,0,0,29,1,0,0,0,478.5,57.68,365,-78.40760167593939,32.88369863013698,2.298164383561644,60.245051989040604,3.090335810257658,86.78996138616671,41.1616570578698
Sialkot,2003,24.86038356164384,40.61,16.616399798652044,28.080900865471012,0,0,13,3,0,0,0,969.36,70.57,362,-69.295159719281,44.94115068493151,2.235917808219178,65.42659939983373,6.300006015761294,76.8871077695616,41.684759469433104
Sialkot,2004,26.16603825136612,39.43,16.612626944024143,27.483074788650296,0,0,13,1,0,0,0,610.66,51.87,366,-75.75801717506673,38.97306010928962,2.240846994535519,64.09842785120985,3.9545129979677185,85.2107584542701,42.31174881801596
Sialkot,2005,24.963424657534247,41.6,16.166517451187566,27.802955969348044,0,0,14,1,0,0,0,642.54,65.93,363,-70.91231265350122,41.422657534246575,2.181643835616438,63.635253006755946,4.162972204567271,78.96925489901986,40.70622711883702
Sialkot,2006,25.162575342465754,38.57,17.3268237877373,29.04159960864396,0,0,7,2,0,0,0,1009.84,65.69,365,-70.28519312213241,48.333506849315064,2.180219178082192,69.40598509566146,6.564699512723335,79.82000330713552,43.73091113620782
Sialkot,2007,24.953397260273974,41.37,17.0492379511956,28.15211150113085,0,0,7,2,0,0,0,909.31,68.18,363,-69.99134154488735,46.18361643835617,2.0888767123287675,66.71742205452267,5.90734681386973,78.17895606382659,42.21827169855483
Sialkot,2008,24.822349726775954,37.06,17.14035086141488,27.843492470112697,0,0,0,1,0,0,0,956.26,64.7,365,-68.94848385308177,46.78191256830601,2.128224043715847,66.27553937906198,6.214346806023085,78.67295345025919,42.34735623899378
Sialkot,2009,25.933808219178083,40.84,16.332012659432067,28.051676090683532,0,0,10,0,0,0,0,497.59000000000003,27.44,365,-75.06827669120901,37.993890410958905,2.203780821917808,64.6172198117812,3.2151628571204385,83.92443756996772,41.81309862173049
Sialkot,2010,25.45158904109589,41.42,16.981022163036574,28.446404814393727,0,0,8,3,1,0,5,984.17,100.09,362,-71.61678541419505,44.12156164383562,2.135945205479452,67.1876921790402,13.539703837719422,78.8793288775688,45.969006600077996
Sialkot,2011,24.94909589041096,38.96,17.107182810440516,27.68045737056966,0,0,5,0,0,0,0,726.61,36.63,365,-70.29974671992328,46.047315068493155,2.0604383561643833,65.82914283800577,4.712695087215462,79.83249196315786,41.82757863143816
Sialkot,2012,24.945027322404368,41.44,16.05034742505918,27.708643519744857,0,0,19,0,0,0,0,634.9,43.56,365,-71.07048406578836,41.19786885245902,2.3583060109289615,63.12298070629439,4.113015230338269,80.49387299995705,40.9112193155298
Sialkot,2013,24.867506849315067,40.72,17.05894775775795,28.1432451159134,0,0,13,0,0,0,0,815.59,40.71,365,-69.84579534470153,47.02813698630137,2.383232876712329,66.72330470667389,5.294523826338049,79.4429496206059,42.26026453900576
Sialkot,2014,24.7512602739726,40.94,16.702240003784468,27.243203406526078,0,0,16,2,1,0,6,827.57,121.72,364,-69.4453030512942,45.05128767123288,2.4024109589041096,63.804214436238354,13.087145214872907,78.40483685690216,44.63168889178985
Sialkot,2015,24.844575342465756,40.07,17.307748426743764,27.540802483762324,0,0,3,1,0,0,0,878.15,53.58,364,-69.38000443755722,47.988630136986295,2.2935068493150683,66.04655411042505,5.703595594370293,78.34880315737195,41.96778503993713
Sialkot,2016,25.963579234972677,40.59,17.32656049960761,27.605880806533644,0,0,11,2,0,0,0,875.51,78.63,366,-73.74353071612244,42.097486338797815,2.2640163934426227,66.23933785828595,5.686332975003204,83.48209803579896,43.301175705186964
Sialkot,2017,25.164328767123287,40.19,17.27375152935809,27.576420590216262,0,0,4,1,0,0,0,976.01,50.45,362,-70.42976693467091,46.21156164383562,2.242,66.03604411796456,6.3434895077276385,77.86073088578952,42.13056623531419
Sialkot,2018,25.066383561643836,39.61,17.124868360527195,28.049307666190526,0,0,8,2,0,0,0,909.15,58.0,364,-70.09888603118704,45.85621917808219,2.3156438356164384,66.68883473858456,5.906300594514149,78.96568601153945,42.4059071919916
Sialkot,2019,24.158246575342467,40.02,17.42541787218781,27.571108393088057,0,0,15,0,0,0,0,1031.52,49.04,359,-66.76685177793824,54.22224657534246,2.1796438356164387,66.4216108181059,6.706462235404585,72.63419625688624,41.1029403155854
Sialkot,2020,23.09549180327869,36.98,17.805302188261876,28.611077928447177,0,0,0,3,0,0,2,1395.49,79.3,363,-60.82887520118416,60.8738524590164,2.188743169398907,69.70997080918045,10.22927224607976,70.31650911929151,43.095291033312904
Sialkot,2021,24.381561643835617,39.72,17.92159371142311,28.591084168082592,0,0,8,2,0,0,0,1206.75,71.11,364,-66.53762539067448,54.762849315068486,2.1684931506849314,69.9705004377739,7.852268595895158,75.90971594940285,43.5020999868357
Sialkot,2022,24.49413698630137,38.76,18.136028878231652,28.309567959285612,0,0,10,3,0,0,0,1376.02,83.8,360,-66.72692646008889,57.99501369863014,2.2578356164383564,69.91141841948178,8.95910328539033,73.29438019967546,43.328617054189046
Sialkot,2023,23.533123287671234,37.57,18.36355986536886,28.20598556595346,0,0,0,4,0,0,0,1389.06,72.11,362,-62.03616194496465,61.679753424657534,2.0410136986301373,70.27900866547972,9.044370162870196,70.65805516187767,42.81818296340492
Sukkur,1984,28.28912568306011,41.18,16.258623684552052,26.77559533912908,0,0,37,0,0,0,0,70.73,13.45,366,-86.95362470005253,26.286639344262294,3.5785245901639344,61.6110481279416,0.4239803938492765,94.8178737085087,42.37857404274183
Sukkur,1985,28.664958904109586,39.79,16.840348697806707,27.102644786118738,0,0,18,0,0,0,0,69.05,12.4,365,-87.85477942508815,28.095808219178082,3.7393698630136982,63.856030715512304,0.4129950906156739,94.89672336945314,43.066837847794034
Sukkur,1986,28.261479452054797,41.35,16.041921948319178,27.496320742064565,0,0,32,0,0,0,0,53.02,14.08,365,-86.7987814489724,26.05221917808219,3.467095890410959,62.63270973003614,0.3081769889283837,93.99055599603054,42.42613156303625
Sukkur,1987,29.124000000000002,40.39,16.50662447055976,27.1944966880206,0,0,39,0,0,0,0,16.509999999999998,2.21,365,-90.26183798641684,24.815698630136986,3.563013698630137,63.184406341830986,0.06944280972670133,96.9622556749379,43.227135085660784
Sukkur,1988,29.692076502732238,40.61,17.219100033245166,28.42621948586225,0,0,65,0,0,0,0,86.02,20.13,366,-92.62636559678559,26.70357923497268,3.56827868852459,67.766811354923,0.5239597310170037,99.6857359911691,45.48725928322682
Sukkur,1989,28.454054794520548,40.91,16.419863323269727,27.329196726917278,0,0,27,0,0,0,0,72.28,7.09,365,-87.23922010265005,27.29750684931507,3.723890410958904,63.25417288176323,0.4341156438564692,94.36850287375553,42.763729622703266
Sukkur,1990,29.23945205479452,40.72,17.670301273430848,27.517054070832057,0,0,44,0,0,0,0,76.61999999999999,9.69,365,-90.72902738625169,30.04709589041096,3.5656164383561646,66.9438708786823,0.4624943438766088,97.3631577608457,44.63207315856059
Sukkur,1991,28.87912328767123,43.2,16.435006229774277,26.510044867186217,0,0,44,0,0,0,0,21.6,4.65,365,-89.3834610985163,25.687780821917812,3.481808219178082,61.48749621266239,0.1027256629761279,96.20850756614729,42.5446023036748
Sukkur,1992,28.53639344262295,42.42,16.71759730233496,26.902639742776397,0,0,40,0,0,0,0,107.09,15.16,366,-87.40656066554767,28.6124043715847,3.213633879781421,63.09345219884986,0.6617337424051014,95.2065447130603,43.02745202200232
Sukkur,1993,29.31276712328767,40.58,16.74854389402319,27.59146792997777,0,0,41,0,0,0,0,99.43,28.46,365,-90.77309598605281,25.628493150684932,3.3659999999999997,64.69347588955118,0.611645990756652,97.40097367359876,44.03352688110554
Sukkur,1994,28.445890410958903,41.34,17.010660930631204,28.1149806994863,0,0,33,0,0,0,0,199.04,25.73,365,-86.58395894678719,30.159616438356164,3.395972602739726,66.53449335051947,1.262982928315665,93.80621365166992,43.98024373581537
Sukkur,1995,28.536410958904106,41.8,16.81099925155861,27.45644706869228,0,0,33,0,0,0,0,148.04,29.14,365,-87.38130827371013,29.13041095890411,3.3904383561643834,64.55933434364796,0.9295005087241616,94.49043082028203,43.40868323709077
Sukkur,1996,28.664071038251365,39.71,16.4434544840209,27.182102774753155,0,0,21,0,0,0,0,71.96000000000001,8.13,366,-88.11087457758244,26.025491803278687,3.500191256830601,62.99160609225659,0.43202320514530684,95.81092682568622,43.04462397641392
Sukkur,1997,28.112,40.98,17.12956086602529,27.583240079929585,0,0,24,0,0,0,0,172.79,29.82,365,-85.4143060064741,31.419616438356165,3.4855068493150685,65.67338329642519,1.0913375652906265,92.80251728414643,43.393746214344944
Sukkur,1998,29.668657534246574,42.24,17.001525103593412,28.148743228576887,0,0,57,0,0,0,0,25.85,5.34,365,-92.99259171242912,25.69876712328767,3.3668767123287675,66.58501362699914,0.1305158646087532,99.30555555555556,44.86062511606257
Sukkur,1999,29.4593698630137,41.25,16.87174432376546,27.16191262208425,0,0,31,0,0,0,0,58.84,30.06,365,-91.5244648981713,26.12564383561644,3.657287671232877,64.06896339763158,0.3462332179876494,98.04573437292342,43.88792756061477
Sukkur,2000,29.141038251366123,39.95,16.536315267774746,27.193196919310527,0,0,43,0,0,0,0,10.0,4.29,366,-90.54426885160989,25.31926229508197,3.816393442622951,63.25931342321597,0.02687475969649176,97.89905819304724,43.46465221709002
Sukkur,2001,29.300712328767123,39.88,17.049456677986463,27.638679896233622,0,0,39,0,0,0,0,36.12,6.03,365,-90.8620488070078,26.525068493150684,3.544356164383562,65.58580763896474,0.1976700694951207,97.4773053957672,44.13402017190403
Sukkur,2002,29.28808219178082,41.36,16.717117703494317,27.505834898251702,0,0,49,0,0,0,0,13.82,3.19,365,-91.21498484849624,25.58580821917808,3.5083287671232877,64.42232425984649,0.05185324681099263,97.78016499676582,43.79507248821035
Sukkur,2003,28.61487671232877,41.11,16.614662141529074,27.632566195875828,0,0,37,0,0,0,0,114.29,24.43,365,-87.86296355451665,27.82112328767123,3.087917808219178,64.43340805699793,0.7088136134062548,94.90374629112128,43.37492511591252
Sukkur,2004,29.373196721311476,40.65,17.041022979919777,27.257365875410052,0,0,35,0,0,0,0,43.83,25.62,365,-91.39359618119967,27.457267759562843,3.1129234972677593,64.72286617646621,0.24808476469218918,97.9334340047375,44.01185649823572
Sukkur,2005,28.702027397260274,40.9,16.799693964872837,27.673495055782308,0,0,39,0,0,0,0,38.47,6.29,365,-88.70225235659372,28.206219178082193,3.042246575342466,65.00834151376793,0.21303641628021935,95.62395233935504,43.50435692629524
Sukkur,2006,29.26901369863014,43.09,18.220652943745858,27.985781427355565,0,0,43,0,0,0,0,101.13,15.27,365,-90.94409799842359,32.58915068493151,3.1155342465753426,69.41909218001943,0.6227620714097021,97.54771301203004,45.492898839147706
Sukkur,2007,29.016465753424658,40.84,17.58744956096872,28.197177750554392,0,0,37,0,0,0,0,115.99000000000001,11.06,365,-89.77118677441094,30.66917808219178,3.1563013698630136,68.22661214681932,0.7199296940593051,96.54122066340747,44.92725717222435
Sukkur,2008,28.630136612021857,39.92,17.246964341806205,27.872824304717962,0,0,30,0,0,0,0,128.3,23.26,366,-88.32822592438234,30.407622950819672,3.257158469945355,66.61948768512266,0.8004231957293326,95.99743920875346,44.34539654580337
Sukkur,2009,29.110575342465754,41.8,17.164142599965363,28.500124483678537,0,0,55,0,0,0,0,68.77,9.04,365,-90.39975528363354,29.781698630136987,3.021150684931507,67.78582436972157,0.4111642067434068,97.0806045333591,44.79092233729078
Sukkur,2010,29.347643835616438,41.1,17.34166378657351,27.886295584967275,0,0,38,0,0,0,0,119.21,13.77,365,-91.19707801259814,28.078,2.9891506849315066,66.89725318895891,0.7409848585903763,97.7647988778725,44.843818862521466
Sukkur,2011,28.698027397260276,41.24,17.905766156372632,27.36558786164048,0,0,40,0,0,0,0,145.23,30.73,365,-88.16044999140503,33.07356164383562,3.177315068493151,67.2266530809496,0.9111262812917669,95.15902377198876,44.367758693863365
Sukkur,2012,28.072185792349728,40.23,16.739029787366544,27.762526387708444,0,0,38,1,0,0,0,166.83,80.86,365,-85.67109130809517,29.29295081967213,3.138032786885246,65.04576170538371,1.0523658942952274,93.02286852303743,43.24301029480732
Sukkur,2013,28.708246575342468,40.82,17.417004500841905,27.46901236077043,0,0,42,0,0,0,0,89.91,11.99,365,-88.59003201480564,30.555561643835617,3.078904109589041,66.17443669625592,0.5493959390995713,95.52765441581477,43.981472785425275
Sukkur,2014,28.687397260273972,41.6,16.99040241623065,27.58832136281816,0,0,40,0,0,0,0,30.34,4.7,365,-88.76092049573074,28.172246575342466,3.339041095890411,65.32007106906163,0.15987539527475028,95.674296331245,43.58653933140337
Sukkur,2015,28.685397260273973,40.89,17.62676872831269,27.939826149227645,0,0,35,0,0,0,0,127.52000000000001,21.65,365,-88.18854799175811,31.85991780821918,3.206109589041096,67.76211062858289,0.7953228763708744,95.18313507878506,44.482312252638025
Sukkur,2016,29.71106557377049,41.4,17.824731620025855,28.263975956203954,0,0,51,0,0,0,0,104.09,21.58,366,-92.46964758912897,28.906857923497267,3.1758469945355188,68.99545740867366,0.6421171294879541,99.55125396698133,45.87540342261701
Sukkur,2017,29.192438356164384,40.86,17.249431535887446,27.979353788598946,0,0,41,0,0,0,0,70.18,18.89,365,-90.83688156665013,28.3593698630137,3.1834246575342466,66.86086252562946,0.4203840148144661,97.45570901716894,44.61135881864758
Sukkur,2018,29.573287671232876,41.58,17.21620346634555,27.738458591896528,0,0,35,0,0,0,0,22.2,7.47,365,-92.17658727865232,26.81816438356164,3.416630136986301,66.24261653871247,0.10664898555955735,98.60533016575266,44.572109546553705
Sukkur,2019,28.30260273972603,41.25,18.433391405375872,28.003263602768744,0,0,51,1,0,0,0,250.87,54.96,365,-86.71235256557713,38.37284931506849,3.325013698630137,70.01489833609455,1.6018926108142466,93.91639010175277,45.204418701132965
Sukkur,2020,27.32357923497268,38.92,18.298604574527147,28.695109663891014,0,0,15,5,2,1,13,1001.27,348.2,363,-79.72437822673,40.53286885245902,3.2311748633879778,71.18744816240519,26.675328055156683,86.53101779585063,54.99288652250472
Sukkur,2021,29.288931506849313,40.52,17.852598305664884,28.439895786099623,0,0,21,0,0,0,0,109.08,12.26,365,-90.70638314875352,30.067753424657532,3.4403835616438356,69.45637994725429,0.6747460956401423,97.34372640805813,45.47648132922889
Sukkur,2022,27.514876712328768,39.6,18.894548902085774,29.27440149330072,0,0,23,7,4,1,23,1545.65,150.31,359,-78.60568305689483,46.95271232876713,3.141479452054795,74.02590655680416,44.52067292081651,82.79327126184583,62.94039259687013
Sukkur,2023,28.34893150684932,39.8,18.62307083155507,28.74474344609418,0,0,16,2,0,0,0,348.11,60.0,365,-85.62488507585063,37.82854794520548,3.253315068493151,72.14681724962828,2.2377324241687138,92.9832182764879,45.896829334886384
